FID,NAME,ADDRESS,CITY,STATE,ZIP
1,GOLF CLUB OF HOUSTON,5860 WILSON ROAD,HUMBLE,TX,77396
2,CHERRY HILLS COUNTRY CLUB,4125 SOUTH UNIVERSITY BOULEVARD,ENGLEWOOD,CO,80113
3,COLONIAL COUNTRY CLUB,3735 COUNTRY CLUB CIRCLE,FORT WORTH,TX,76109
4,TOURNAMENT PLAYERS CLUB AT FOUR SEASONS RESORT LAS COLINAS,4150 NORTH MACARTHUR BOULEVARD,IRVING,TX,75038
5,TOURNAMENT PLAYERS CLUB SOUTHWIND,3325 CLUB AT SOUTHWIND,MEMPHIS,TN,38125
6,TOURNAMENT PLAYERS CLUB AT DEERE RUN,3100 HEATHER KNOLL,SILVIS,IL,61282
7,MUIRFIELD VILLAGE GOLF CLUB,5750 MEMORIAL DRIVE,DUBLIN,OH,43017
8,VALHALLA GOLF CLUB,15503 SHELBYVILLE ROAD,LOUISVILLE,KY,40243
9,FIRESTONE COUNTRY CLUB,452 E WARNER RD,AKRON,OH,44319
10,GREENBRIAR GOLF CLUB,300 WEST MAIN STREET,WHITE SULPHUR SPRINGS,WV,24986
11,QUAIL HOLLOW COUNTRY CLUB,3700 GLEN EAGLES ROAD,CHARLOTTE,NC,28210
12,SEDGEFIELD COUNTRY CLUB,3201 FORSYTH DRIVE,GREENSBORO,NC,27407
13,PINEHURST RESORT,1 CAROLINA VISTA DRIVE,PINEHURST,NC,28374
14,TOURNAMENT PLAYERS CLUB SAWGRASS,110 CHAMPIONSHIP WAY,PONTE VEDRA BEACH,FL,32082
15,EAST LAKE GOLF CLUB,2575 ALSTON DRIVE SOUTHEAST,ATLANTA,GA,30317
16,AUGUSTA NATIONAL GOLF COURSE,807 EISENHOWER DRIVE,AUGUSTA,GA,30904
17,SEA ISLAND GOLF CLUB,100 RETREAT ROAD,ST SIMONS ISLAND,GA,31522
18,SEA PINES HARBOUR TOWN GOLF LINKS,11 LIGHTHOUSE LANE,HILTON HEAD ISLAND,SC,29928
19,FOREMAN FIELD AT S. B. BALLARD STADIUM,5115 HAMPTON BOULEVARD,NORFOLK,VA,23529
20,TOURNAMENT PLAYERS CLUB OF LOUISIANA,11001 LAPALCO BOULEVARD,AVONDALE,LA,70094
21,PAULSON STADIUM,207 LANIER DRIVE,STATESBORO,GA,30458
22,BAY HILL CLUB & LODGE,9000 BAY HILL BOULEVARD,ORLANDO,FL,32819
23,JERRY RICHARDSON STADIUM,MAC EVERETT WAY N,CHARLOTTE,NC,28262
24,INNISBROOK NORTH & SOUTH COURSES,36750 US HIGHWAY 19 N,PALM HARBOR,FL,34683
26,PGA NATIONAL GOLF CLUB,400 AVE OF THE CHAMPIONS,PALM BEACH GARDENS,FL,33418
27,ORLANDO CITRUS BOWL,1 CITRUS BOWL PLACE,ORLANDO,FL,32801
28,TRUMP NATIONAL DORAL GOLF CLUB,4400 NORTHWEST 87TH AVENUE,DORAL,FL,33178
30,MAYA KOBA,PLAYA DEL CARMEN KM. 298,PLAYA DEL CARMEN,QR,77760
31,DELTA DOWNS,2717 DELTA DOWNS DRIVE,VINTON,LA,70668
33,TAMPA BAY DOWNS,11225 RACE TRACK ROAD,TAMPA,FL,33626
34,CONGRESSIONAL COUNTRY CLUB,8500 RIVER ROAD,BETHESDA,MD,20817
35,RIDGEWOOD COUNTRY CLUB,96 W MIDLAND AVE,PARAMUS,NJ,7652
36,SUNLAND PARK,1200 FUTURITY DRIVE,SUNLAND PARK,NM,88063
37,TOURNAMENT PLAYERS CLUB OF BOSTON,400 ARNOLD PALMER BOULEVARD,NORTON,MA,2766
38,TURFWAY PARK,7500 TURFWAY ROAD,FLORENCE,KY,41042
39,TOURNAMENT PLAYERS CLUB AT RIVER HIGHLANDS,1 GOLF CLUB ROAD,CROMWELL,CT,6416
40,LOS ALAMITOS,KATELLA AVENUE,CYPRESS,CA,90720
41,DAYTONA INTERNATIONAL SPEEDWAY,1801 WEST INTERNATIONAL SPEEDWAY,DAYTONA BEACH,FL,32114
42,BARCLAYS CENTER,620 ATLANTIC AVENUE,BROOKLYN,NY,11217
43,AUTO CLUB SPEEDWAY,9300 CHERRY AVENUE,FONTANA,CA,92335
44,LAKEFRONT ARENA,6801 FRANKLIN AVENUE,NEW ORLEANS,LA,70122
45,LAS VEGAS MOTOR SPEEDWAY,7000 LAS VEGAS BOULEVARD NORTH,LAS VEGAS,NV,89115
46,MOODY COLISEUM (ACU),1600 CAMPUS COURT,ABILENE,TX,79601
47,ATLANTA MOTOR SPEEDWAY,1500 TARA PLACE,HAMPTON,GA,30228
48,GCU ARENA,3300 WEST CAMELBACK ROAD,PHOENIX,AZ,85017
49,BRISTOL MOTOR SPEEDWAY,151 SPEEDWAY BOULEVARD,BRISTOL,TN,37620
50,MCDERMOTT CENTER,4300 BROADWAY,SAN ANTONIO,TX,78209
51,MARTINSVILLE SPEEDWAY,340 SPEEDWAY ROAD,RIDGEWAY,VA,24148
52,COSTELLO ATHLETIC CENTER,VFW HIGHWAY,LOWELL,MA,1854
53,TEXAS MOTOR SPEEDWAY,3545 LONE STAR CIRCLE,FORT WORTH,TX,76177
54,BAXTER ARENA,6413 CASTELAR ST,OMAHA,NE,68106
55,PHOENIX INTERNATIONAL RACEWAY,7602 SOUTH AVONDALE BLVD,PHOENIX,AZ,85323
56,THE BANK OF KENTUCKY CENTER,500 NUNN DRIVE,HIGHLAND HEIGHTS,KY,41099
57,TALLADEGA SUPERSPEEDWAY,3366 SPEEDWAY BOULEVARD,TALLADEGA,AL,35160
58,BBVA COMPASS STADIUM,2200 TEXAS AVENUE,HOUSTON,TX,77003
59,RICHMOND INTERNATIONAL RACEWAY,600 EAST LABURNUM AVENUE,RICHMOND,VA,23222
60,MCLANE STADIUM,SOUTH MARTIN LUTHER KING JR BLVD,WACO,TX,76704
61,DARLINGTON RACEWAY,1301 HARRY BYRD HIGHWAY,DARLINGTON,SC,29532
62,YULMAN STADIUM,BEN WEINER DRIVE,NEW ORLEANS,LA,70118
63,CHARLOTTE MOTOR SPEEDWAY,5555 CONCORD PARKWAY SOUTH,CONCORD,NC,28027
64,TDECU STADIUM,3874 HOLMAN STREET,HOUSTON,TX,77004
65,DOVER INTERNATIONAL SPEEDWAY,1131 NORTH DUPONT HIGHWAY,DOVER,DE,19901
66,SILVERADO RESORT AND SPA,1600 ATLAS PEAK ROAD,NAPA,CA,94558
67,POCONO RACEWAY,500 LONG POND ROAD,LONG POND,PA,18334
68,COUNTRY CLUB OF JACKSON,345 SAINT ANDREWS DRIVE,JACKSON,MS,39211
69,MICHIGAN INTERNATIONAL SPEEDWAY,12626 U.S. HIGHWAY 12,BROOKLYN,MI,49230
70,TOURNAMENT PLAYERS CLUB HARDING PARK,99 HARDING ROAD,SAN FRANCISCO,CA,94132
71,SONOMA RACEWAY,29355 ARNOLD DRIVE,SONOMA,CA,94954
72,CHAMBERS BAY,6320 GRANDVIEW DRIVE WEST,UNIVERSITY PLACE,WA,98467
73,CHICAGOLAND SPEEDWAY,500 SPEEDWAY BOULEVARD,JOLIET,IL,60433
74,ROBERT TRENT JONES GOLF TRAIL,3000 ROBERT TRENT JONES TRAIL,OPELIKA,AL,36801
75,NEW HAMPSHIRE MOTOR SPEEDWAY,1122 ROUTE 106 NORTH,LOUDON,NH,3307
77,INDIANAPOLIS MOTOR SPEEDWAY,4790 WEST 16TH STREET,INDIANAPOLIS,IN,46222
78,ROBERT TRENT JONES GOLF COURSE,1 TURTLE POINT DRIVE,GAINESVILLE,VA,20155
79,WATKINS GLEN INTERNATIONAL,2790 COUNTY ROUTE 16,WATKINS GLEN,NY,14891
80,WHISTLING STRAITS,N8501 COUNTY ROAD LS,KOHLER,WI,53083
81,PLAINFIELD COUNTRY CLUB,1591 WOODLAND AVENUE,PLAINFIELD,NJ,8820
82,KANSAS SPEEDWAY,400 SPEEDWAY BOULEVARD,KANSAS CITY,KS,66111
83,CONWAY FARMS,425 CONWAY FARMS DRIVE,CHICAGO,IL,60045
84,HOMESTEAD-MIAMI SPEEDWAY,1 SPEEDWAY BOULEVARD,HOMESTEAD,FL,33035
85,LEVI'S STADIUM,4900 MARIE P. DEBARTOLO WAY,SANTA CLARA,CA,95054
86,KENTUCKY SPEEDWAY,1 SPEEDWAY DRIVE,SPARTA,KY,41086
87,NOLA MOTORSPORTS PARK,11075 NICOLLE BLVD,AVONDALE,LA,70094
88,IOWA SPEEDWAY,3333 RUSTY WALLACE DRIVE,NEWTON,IA,50208
89,ISLEWORTH GOLF & COUNTRY CLUB,6100 DEACON DRIVE,WINDERMERE,FL,34786
90,ROAD AMERICA,N7390 HIGHWAY 67,PLYMOUTH,WI,53073
91,TIBURON GOLF CLUB,2620 TIBURON DRIVE,NAPLES,FL,34109
92,MOHEGAN SUN ARENA,1 MOHEGAN SUN BOULEVARD,UNCASVILLE,CT,6382
93,RHODE ISLAND COUNTRY CLUB,150 NAYATT ROAD,BARRINGTON,RI,2806
95,CANTERBURY PARK,1100 CANTERBURY ROAD,SHAKOPEE,MN,55379
96,HONDA CENTER,2695 EAST KATELLA AVENUE,ANAHEIM,CA,92806
97,FINGER LAKES,5857 STATE ROUTE 96,FARMINGTON,NY,14425
98,SAP CENTER AT SAN JOSE,525 WEST SANTA CLARA STREET,SAN JOSE,CA,95113
99,KENTUCKY DOWNS,5629 NASHVILLE ROAD,FRANKLIN,KY,42134
100,JOE LOUIS ARENA,600 CIVIC CENTER DRIVE,DETROIT,MI,48226
101,SUFFOLK DOWNS,525 WILLIAM F MCCLELLAN HIGHWAY,BOSTON,MA,2128
102,FIRST NIAGARA CENTER,1 SEYMOUR H. KNOX III PLAZA,BUFFALO,NY,14203
103,INDIANA GRAND RACE COURSE,4300 NORTH MICHIGAN ROAD,SHELBYVILLE,IN,46176
104,NATIONWIDE ARENA,200 WEST NATIONWIDE BOULEVARD,COLUMBUS,OH,43215
105,HIALEAH PARK RACE TRACK,2200 EAST 4TH AVENUE,HIALEAH,FL,33010
106,BB&T CENTER,2555 NW 136TH AVE,SUNRISE,FL,33323
107,FAIRMOUNT PARK RACETRACK,9301 COLLINSVILLE ROAD,COLLINSVILLE,IL,62234
108,AMALIE ARENA,401 CHANNELSIDE DRIVE,TAMPA,FL,33602
109,BROOKS STADIUM,540 UNIVERSITY BLVD.,CONWAY,SC,29526
110,XCEL ENERGY CENTER,199 KELLOGG BOULEVARD WEST,SAINT PAUL,MN,55102
111,U.S. BANK STADIUM,900 S 5TH ST.,MINNEAPOLIS,MN,55415
112,SCOTTRADE CENTER,1401 CLARK AVENUE,SAINT LOUIS,MO,63103
113,CARNESECCA ARENA,8000 UTOPIA PKWY,JAMAICA,NY,11439
114,BRIDGESTONE ARENA,501 BROADWAY,NASHVILLE,TN,37203
115,GRAND PRIX OF BOSTON,FARGO STREET,BOSTON,MA,2210
116,GILA RIVER ARENA,9400 WEST MARYLAND AVENUE,GLENDALE,AZ,85305
117,AUSTIN COUNTRY CLUB,4408 LONG CHAMP DR,AUSTIN,TX,78746
119,OAKMONT COUNTRY CLUB,1233 HULTON RD,OAKMONT,PA,15139
120,BALTUSROL GOLF CLUB,201 SHUNPIKE RD,SPRINGFIELD,NJ,7081
121,THE BARCLAYS,99 QUAKER MEETING HOUSE RD,FARMINGDALE,NY,11735
122,CROOKED STICK GOLF COURSE,1964 BURNING TREE LN,CARMEL,IN,46032
123,HAZELTINE NATIONAL GOLF CLUB,1900 HAZELTINE BLVD,CHASKA,MN,55318
124,COCA-COLA FIELD,275 WASHINGTON ST,BUFFALO,NY,14203
125,BB&T BALLPARK,324 S MINT ST,CHARLOTTE,NC,28202
126,HUNTINGTON PARK,330 HUNTINGTON PARK LN,COLUMBUS,OH,43215
127,DURHAM BULLS ATHLETIC PARK,409 BLACKWELL ST,DURHAM,NC,27701
128,COOLRAY FIELD,2500 BUFORD DR NE,LAWRENCEVILLE,GA,30043
129,VICTORY FIELD,501 W MARYLAND ST,INDIANAPOLIS,IN,46225
130,COCA-COLA PARK,1050 IRONPIGS WAY,ALLENTOWN,PA,18109
131,LOUISVILLE SLUGGER FIELD,401 E MAIN ST,LOUISVILLE,KY,40202
132,HARBOR PARK,150 PARK AVE,NORFOLK,VA,23510
133,MCCOY STADIUM,1 COLUMBUS AVE,PAWTUCKET,RI,2860
134,FRONTIER FIELD,333 PLYMOUTH AVE N,ROCHESTER,NY,14608
135,PNC FIELD,235 MONTAGE MOUNTAIN RD,MOOSIC,PA,18507
136,NBT BANK STADIUM,1 TEX SIMONE DR,SYRACUSE,NY,13208
137,FLEISHER CENTER,80 LOCK STREET,NEWAK,NJ,7103
138,DUNKIN' DONUTS CENTER,1 LA SALLE SQUARE,PROVIDENCE,RI,2903
139,JOYCE CENTER,ANGELA BOULEVARD AND MOOSE KRAUSE CIRCLE,NOTRE DAME,IN,46637
140,FIFTH THIRD ARENA AT SHOEMAKER CENTER,2700 O'VARSITY WAY,CINCINNATI,OH,45221
141,KFC YUM! CENTER,1 ARENA PLAZA,LOUISVILLE,KY,40202
142,GAMPEL PAVILION,2095 HILLSIDE ROAD,STORRS,CT,6269
143,XL CENTER,1 CIVIC CENTER PLAZA,HARTFORD,CT,6103
144,BRICK BREEDEN FIELDHOUSE,1 BOBCAT CIRCLE,BOZEMAN,MT,59715
145,BANK OF COLORADO ARENA,14TH AVENUE AND 21ST STREET,GREELY,CO,80631
146,DAHLBERG ARENA,32 CAMPUS DRIVE,MISSOULA,MT,59801
147,BB&T FIELD,411 DEACON BOULEVARD,WINSTON-SALEM,NC,27105
148,DEE EVENTS CENTER,4400 HARRISON BOULEVARD,OGDEN,UT,84408
149,KENAN MEMORIAL STADIUM,78 STADIUM DRIVE,CHAPEL HILL,NC,27514
150,COLBERG COURT,MORAGA WAY AND STATE UNIVERSITY DRIVE,SACRAMENTO,CA,95819
151,WALLACE WADE STADIUM,FRANK BASSET DRIVE,DURHAM,NC,27706
152,WALKUP SKYDOME,EAST MCCONNELL DRIVE AND SAN FRANCISCO STREET,FLAGSTAFF,AZ,86001
153,CAMERON HALL,302 CAMERON HALL,LEXINGTON,VA,24450
154,DOWDY-FINKLEN STADIUM,WEST BERKLEY ROAD AND BLACKBEARD'S ALLEY,GREENVILLE,NC,27858
155,MEMORIAL STADIUM (NEBRASKA),600 STADIUM DRIVE,LINCOLN,NE,68508
156,CSU FIELDHOUSE,UNIVERSITY BOULEVARD,CHARLESTON,SC,29401
157,KIMBEL ARENA,132 CHANTICLEER DR E,CONWAY,SC,29528
158,HIGH POINT SOLUTIONS STADIUM,1 SCARLET KNIGHT WAY,HIGHLAND PARK,NJ,8854
159,UNIVERSITY STADIUM,1300 UNIVERSITY BOULEVARD SE,ALBUQUERQUE,NM,87131
160,CARVER-HAWKEYE ARENA,1 ELLIOTT DRIVE,IOWA CITY,IA,52242
161,CRISLER ARENA,333 EAST STADIUM BOULEVARD,ANN ARBOR,MI,48104
162,AGGIE MEMORIAL STADIUM,STEWART STREET AND PAYNE STREET,LAS CRUCES,NM,88003
163,MACKEY ARENA,"1000 JOHN R. WOODEN DR,WEST",WEST LAFAYETTE,IN,47907
164,SAM BOYD STADIUM,7000 EAST RUSSELL ROAD,LAS VEGAS,NV,89122
165,JACK BRESLIN STUDENT EVENT CENTER,ONE BIRCH ROAD,EAST LANSING,MI,48823
166,BRYCE JORDAN CENTER,127 BYCE JORDAN CENTER,STATE COLLEGE,PA,16802
167,MACKAY STADIUM,EAST STADIUM WAY,RENO,NV,89512
168,KOHL CENTER,601 WEST DAYTON STREET,MADISON,WI,53715
169,CARRIER DOME,FORESTRY DRIVE AND CROUSE DRIVE,SYRACUSE,NY,13210
170,MICHIE STADIUM,700 MILLS ROAD,WEST POINT,NY,10996
171,BREN EVENTS CENTER,100 BREN EVENT CENTER DRIVE,IRVINE,CA,92612
172,BOB CARPENTER SPORTS/CONVOCATION CENTER,210 S COLLEGE AVE,NEWARK,DE,19702
173,UB STADIUM,AUGSPURGER ROAD AND WEBSTER ENTRANCE,AMHERST,NY,14228
174,OHIO STADIUM,2054 CANNON DRIVE,COLUMBUS,OH,43210
175,CONVOCATION CENTER (VIRGINIA),UNIVERSITY BOULEVARD AND CONVOCATION SERVICE DRIVE,HARRISONBURG,VA,22801
176,NIPPERT STADIUM,BEARCAT WAY,CINCINNATI,OH,45221
177,GSU SPORTS ARENA,125 DECATUR STREET SE,ATLANTA,GA,30303
178,DAVID S. MACK SPORTS AND EXHIBITION COMPLEX,245 HOFSTRA UNIVERSITY,HEMPSTEAD,NY,11549
179,DIX STADIUM,2227 SUMMIT ROAD,KENT,OH,44240
180,DOYT PERRY STADIUM,STADIUM DRIVE,BOWLING GREEN,OH,43403
181,DASKALAKIS ATHLETIC CENTER,33RD STREET AND MARKET STREET,PHILADELPHIA,PA,19104
182,FRED C. YAGER STADIUM,BONHAM ROAD AND SHADOW HILLS DRIVE,OXFORD,OH,45056
183,KAPLAN ARENA,500 LANDRUM DRIVE,WILLIAMSBURG,VA,23185
184,GLASS BOWL,STADIUM DRIVE AND NORTH GLASS BOWL DRIVE,TOLEDO,OH,43606
185,REED GREEN COLISEUM,112 COLISEUM DRIVE,HATTIESBURG,MS,39401
186,PENDEN STADIUM,SOUTH GREEN DRIVE AND RICHLAND AVENUE,ATHENS,OH,45701
187,CAM HENDERSON CENTER,19TH STREET AND 3RD AVENUE,HUNTINGTON,WV,25703
188,BOONE PICKENS STADIUM,WEST HALL OF FAME AVENUE AND HESTER STREET,STILLWATER,OK,74078
189,DON HASKINS CENTER,500 WEST UNIVERSITY AVENUE,EL PASO,TX,79902
190,GAYLORD FAMILY-OKLAHOMA MEMORIAL STADIUM,SOUTH JENKINS AVENUE AND EAST BROOKS STREET,NORMAN,OK,73019
191,FEDEX FORUM,191 BEALE STREET,MEMPHIS,TN,38103
192,SKELLY FIELD AT H.A. CHAPMAN STADIUM,3131 EAST 11TH STREET,TULSA,OK,74104
193,DEVLIN FIELDHOUSE,MCALISTER AT FRERET STREET,NEW ORLEANS,LA,70118
194,BARTOW ARENA,617 13TH STREET SOUTH,BIRMINGHAM,AL,35233
195,AUTZEN STADIUM,2727 LEO HARRIS PARKWAY,EUGENE,OR,97401
196,HOFHEINZ PAVILION,3875 HOLMAN STREET,HOUSTON,TX,77004
197,RESER STADIUM,2600 SW WESTERN BOULEVARD,CORVALLIS,OR,97331
198,BEEGHLY PHYSICAL EDUCATION CENTER,WEST SPRING STREET AND ELM STREET,YOUNGSTOWN,OH,44502
199,BEAVER STADIUM,CURTIN ROAD AND PORTER ROAD,STATE COLLEGE,PA,16802
200,CALIHAN HALL,4001 W. MCNICHOLS RD,DETROIT,MI,48221
201,MEMORIAL STADIUM (SOUTH CAROLINA),WILLIAMSON DRIVE AND AVENUE OF CHAMPIONS,CLEMSON,SC,29634
202,NUTTER CENTER,3640 COLONEL GLENN HIGHWAY,DAYTON,OH,45324
203,WILLIAMS BRICE STADIUM,1127 GEORGE ROGERS BOULEVARD,COLUMBIA,SC,29201
204,LIBERTY BOWL MEMORIAL STADIUM,335 SOUTH HOLLYWOOD STREET,MEMPHIS,TN,38104
205,HINKLE FIELDHOUSE,510 WEST 49TH STREET,INDIANAPOLIS,IN,46208
206,JOSEPH J. GENTILE CENTER,6525 NORTH SHERIDAN ROAD,CHICAGO,IL,60626
207,NEYLAND STADIUM,TEE MARTIN DRIVE,KNOXVILLE,TN,37996
208,VANDERBILT STADIUM,JESS NEELY DRIVE AND NATCHEZ TRANCE,NASHVILLE,TN,37212
209,BISON SPORTS ARENA,NORTH UNIVERSITY DRIVE AND 17TH AVENUE NORTH,FARGO,ND,58102
210,"JOHNNY ""RED"" FLOYD STADIUM",FAULKINBERRY DRIVE AND NORMAL WAY,MURFREESBORO,TN,37132
211,FROST ARENA,16TH AVENUE AND 11TH STREET,BROOKINGS,SD,57006
212,DARRELL K. ROYAL-TEXAS MEMORIAL STADIUM,405 EAST 23RD STREET,AUSTIN,TX,78712
213,WILLET HALL,REDFORD STREET AND SPRUCE STREET,FARMVILLE,VA,23901
214,JONES AT&T STADIUM,DRIVE OF CHAMPIONS AND BOSTON AVENUE,LUBBOCK,TX,79409
215,JONES CONVOCATION CENTER,9501 SOUTH KING DR,CHICAGO,IL,60628
216,KYLE FIELD,JOE ROUTT BOULEVARD,COLLEGE STATION,TX,77843
217,JADWIN GYMNASIUM,FITZRANDOLPH RD AND FACULTY RD,PRINCETON,NJ,8544
218,LAVIETES PAVILION,NORTH HARVARD STREET AND SOLDIER FIELDS ROAD,CAMBRIDGE,MA,2134
219,GERALD J. FORD STADIUM,5801 AIRLINE ROAD,DALLAS,TX,75205
220,LEEDE ARENA,SOUTH PARK STREET AND EAST WHEELOCK STREET,HANOVER,NH,3755
221,RICE STADIUM,STADIUM ROAD,HOUSTON,TX,77005
222,DRADDY GYMNASIUM,W 244TH ST,RIVERDALE,NY,10471
223,REITZ ARENA,COLD SPRINGS LANE AND MILLERBROOK ROAD,BALTIMORE,MD,21212
224,SUN BOWL STADIUM,SUN BOWL DRIVE,EL PASO,TX,79986
225,AMON G. CARTER STADIUM,2724 HIGHVIEW TERRACE,FORT WORTH,TX,76129
226,DUNN CENTER,ROBB AVENUE AND MARION STREET,CLARKSVILLE,TN,37040
227,LAVELL EDWARDS STADIUM,1700 NORTH CANYON DRIVE,PROVO,UT,84604
228,ELLIS JOHNSON ARENA,ELLIS T. JOHNSON ARENA,MOREHEAD,KY,40351
229,PETE HANNA CENTER,800 LAKESHORE DRIVE,BIRMINGHAM,AL,35229
230,RICE-ECCLES STADIUM,451 SOUTH 1400 EAST,SALT LAKE CITY,UT,84102
231,GENTRY CENTER,3500 JOHN A. MERRITT BOULEVARD,NASHVILLE,TN,37209
232,ROMNEY STADIUM,800 EAST 1000 NORTH,LOGAN,UT,84322
233,LANE STADIUM,265 SPRING ROAD,BLACKSBURG,VA,24060
234,HOOPER EBLEN CENTER,WEST 12TH STREET AND NORTH WILLOW AVENUE,COOKSVILLE,TN,38501
235,SCOTT STADIUM,1815 STADIUM ROAD,CHARLOTTTESVILLE,VA,22903
236,LANTZ ARENA,GRANT AVENUE AND FOURTH STREET,CHARLESTON,IL,61920
237,HUSKY STADIUM,3800 MONTLAKE BOULEVARD NE,SEATTLE,WA,98105
238,EDWIN W. PAULEY PAVILION,555 WESTWOOD PLAZA,LOS ANGELES,CA,90095
239,BEASLEY COLISEUM,1775 NE STADIUM WAY,PULLMAN,WA,99163
240,MARTIN STADIUM,NE STADIUM WAY AND NE WILSON ROAD,PULLMAN,WA,99164
241,GALEN CENTER,WEST JEFFERSON BOULEVARD AND SOUTH FIGUEROA STREET,LOS ANGELES,CA,90007
242,CAMP RANDALL STADIUM,1440 MONROE STREET,MADISON,WI,53711
243,GILL COLISEUM,660 SOUTHWEST 26TH STREET,CORVALLIS,OR,97331
244,MOUNTAINEER FIELD AT MILAN PUSKAR STADIUM,900 WILLOWDALE ROAD,MORGANTOWN,WV,26505
245,COTTERELL COURT,13 OAK DRIVE,HAMILTON,NY,13346
246,JOAN C. EDWARDS STADIUM,2001 3RD AVENUE,HUNTINGTON,WV,25755
247,WAR MEMORIAL STADIUM (WYOMING),NORTH 22ND STREET AND LAND STREET,LARAMIE,WY,82070
248,HART CENTER,1 COLLEGE STREET,WORCESTER,MA,1610
249,APOGEE STADIUM,1500 SOUTH BONNIE BRAE STREET,DENTON,TX,76207
250,COLEMAN COLISEUM,323 PAUL W BRYANT DRIVE,TUSCALOOSA,AL,35487
251,BRIGHT HOUSE NETWORKS STADIUM,4000 CENTRAL FLORIDA BOULEVARD,ORLANDO,FL,32816
252,COLONIAL LIFE ARENA,801 LINCOLN STREET,COLUMBIA,SC,29201
253,ISLAND FEDERAL CREDIT UNION ARENA,JOHN S. TOLL DRIVE,STONY BROOK,NY,11790
254,HUMPHREY COLISEUM,55 COLISEUM BOULEVARD,STARKSVILLE,MS,39762
255,FAU STADIUM,SAINT LUCIE AVENUE,BOCA RATON,FL,33431
256,BELK ARENA,200 BAKER DRIVE,DAVIDSON,NC,28036
257,HOUCHENS INDUSTRIES-L.T. SMITH STADIUM,AVENUE OF CHAMPIONS,BOWLING GREEN,KY,42101
258,LUNDHOLM GYMNASIUM,MAIN STREET AND MAST ROAD,DURHAM,NH,3824
259,TCF BANK STADIUM,SE UNIVERSITY AVENUE AND SE OAK STREET,MINNEAPOLIS,MN,55455
260,BENJAMIN JOHNSON ARENA,230 EVINS STREET,SPARTANBURG,SC,29303
261,PATRICK GYMNASIUM,DAVIS ROAD AND SPEAR STREET,BURLINGTON,VT,5405
262,GREENSBORO COLISEUM,1921 WEST LEE STREET GREENSBORO,GREENSBORO,NC,27403
263,INFOCISION STADIUM/SUMMA FIELD,SOUTH UNION STREET AND VINE STREET,AKRON,OH,44304
264,CHILDREN'S MERCY PARK,1 SPORTING WAY,KANSAS CITY,KS,66111
265,RED BULL ARENA,600 CAPE MAY ST,HARRISON,NJ,7029
266,SEFCU ARENA,1400 WASHINGTON AVENUE,ALBANY,NY,12206
267,DICK'S SPORTING GOODS PARK,6000 VICTORY WAY,COMMERCE CITY,CO,80022
268,RETRIEVER ACTIVITIES CENTER,ADMINISTRATION DRIVE,BALTIMORE,MD,21250
269,TOYOTA PARK,7000 S HARLEM AVE,BRIDGEVIEW,IL,60455
270,RFK MEMORIAL STADIUM,2400 EAST CAPITOL STREET SE,WASHINGTON,DC,20003
271,CHASE ARENA AT REICH FAMILY PAVILION,200 BLOOMFIELD AVENUE,WEST HARTFORD,CT,6117
272,MAPFRE STADIUM,1 BLACK AND GOLD BOULEVARD,COLUMBUS,OH,43211
273,TOYOTA STADIUM,6000 WEST MAIN STREET,FRISCO,TX,75034
274,A.J. PALUMBO CENTER,1304 FORBES AVENUE,PITTSBURGH,PA,15282
275,HAGAN ARENA,2450 NORTH 54TH STREET,PHILADELPHIA,PA,19131
276,STUBHUB CENTER,18400 AVALON BOULEVARD,CARSON,CA,90746
277,DALE F. HALTON ARENA,9201 UNIVERSITY BOULEVARD,CHARLOTTE,NC,28223
278,CHARLES E. SMITH ATHLETIC CENTER,600 22ND STREET NW,WASHINGTON,DC,20037
279,RIO TINTO STADIUM,9256 SOUTH STATE,SANDY,UT,84070
280,CINTAS CENTER,PACIFIC AVENUE,CINCINNATI,OH,45207
281,TALEN ENERGY STADIUM,1 STADIUM DRIVE,CHESTER,PA,19013
283,AVAYA STADIUM,1123 COLEMAN AVENUE,SAN JOSE,CA,95110
284,LIACOURAS CENTER,WEST MONTGOMERY AVENUE AND 15TH STREET,PHILADELPHIA,PA,19122
285,REILLY CENTER,CORNELIUS WELCH DRIVE,SAINT BONAVENTER,NY,14478
286,PETERSEN EVENTS CENTER,3719 TERRACE STREET,PITTSBURGH,PA,15260
287,ROBINS CENTER,BOATWRIGHT DRIVE AND CAMPUS DRIVE,RICHMOND,VA,23229
288,THE PAVILION (PENNSYLVANIA),SOUTH ITHAN AVENUE,VILLANOVA,PA,19085
289,USF SUN DOME,4202 EAST FOWLER AVENUE,TAMPA,FL,33617
290,ROSE HILL GYMNASIUM,441 EAST FORDHAM ROAD,BRONX,NY,10458
291,CHAIFETZ ARENA,1 SOUTH COMPTON AVENUE,SAINT LOUIS,MO,63103
292,VERIZON CENTER,610 F STREET NW,WASHINGTON,DC,20001
293,WVU COLISEUM,PATTERSON DRIVE AND MONONGAHELA BOULEVARD,MORGANTOWN,WV,26505
294,THOMAS M. RYAN CENTER,WEST ALUMNI AVENUE AND TOOTELL RD.,KINGSTON,RI,2881
295,MILWAUKEE MILE,640 SOUTH 84TH STREET,WEST ALLIS,WI,53214
296,STREETS OF ST. PETERSBURG,BAYSHORE DRIVE SE,SAINT PETERSBURG,FL,33701
297,TOM GOLA ARENA,WEST OLNEY AVENUE AND ELKINS AVENUE,PHILADELPHIA,PA,19141
298,PETER W. STOTT CENTER,SW PARK AVENUE AND SW COLLEGE STREET,PORTLAND,OR,97201
299,STREETS PRIX OF LONG BEACH,300 EAST OCEAN BOULEVARD,LONG BEACH,CA,90802
300,UNIVERSITY OF DAYTON ARENA,100 ARENA PARK DRIVE,DAYTON,OH,45408
301,REED GYMNASIUM,EAST TERRY STREET AND MEMORIAL DRIVE,POCATELLO,ID,83201
302,REESE COURT,WASHINGTON STREET AND ELM STREET,CHENEY,WA,99004
303,WILLIAM D. MULLINS MEMORIAL CENTER,COMMONWEALTH AVENUE AND CAMPUS CENTER WAY,AMHERST,MA,1003
304,BARBER MOTORSPORTS PARK,6040 BARBER MOTORSPORTS PKY,BIRMINGHAM,AL,35094
305,MILLIS ATHLETIC AND CONVOCATION CENTER,922 COLLEGE DRIVE WEST,HIGH POINT,NC,27262
306,DEDMON CENTER ARENA,101 UNIVERSITY DRIVE,RADFORD,VA,24141
308,ALLEN ARENA,1 UNIVERSITY PARK DRIVE,NASHVILLE,TN,37215
309,VINES CENTER,UNIVERSITY BOULEVARD AND DEMOSS DRIVE,LYNCHBURG,VA,24502
310,MID-OHIO SPORTS CAR COURSE,7721 STEAM CORNERS ROAD,LEXINGTON,OH,44904
311,"JOHN W. POPE, JR. CONVOCATION CENTER",LESLIE CAMPBELL AVENUE AND MAIN STREET,BUIES CREEK,NC,27506
312,BELLE ISLE,STRAND DR.,DETROIT,MI,48207
313,KSU CONVOCATION CENTER,FREY ROAD AND OLD FREY ROAD,KENNESAW,GA,30144
314,WINTHROP COLISEUM,1162 EDEN TERRACE,ROCK HILL,SC,29730
315,STREETS OF BALTIMORE,323 WEST CAMDEN STREET,BALTIMORE,MD,21201
316,CURB EVENT CENTER,2002 BELMONT BOULEVARD,NASHVILLE,TN,37212
317,MCGAW MEMORIAL HALL/WELSH-RYAN ARENA,2705 ASHLAND AVENUE,EVANSTON,IL,60208
318,BELMONT PARK RACE TRACK,2150 HEMPSTEAD TURNPIKE,ELMONT,NY,11003
319,J. OLLIE EDMUNDS CENTER,143 EAST PENNSYLVANIA AVENUE,DELAND,FL,32723
320,VALUE CITY ARENA,555 BORROR DRIVE,COLUMBUS,OH,43210
321,MOUNTAIN STATES HEALTH ALLIANCE ATHLETICS CENTER,STATE OF FRANKLIN ROAD AND JOHN ROBERT BELL DRIVE,JOHNSON CITY,TN,37604
322,WILLIAMS ARENA,1925 UNIVERSITY AVENUE SE,MINNEAPOLIS,MN,55455
323,CHURCHILL DOWNS,700 CENTRAL AVENUE,LOUISVILLE,KY,40208
324,PAUL PORTER ARENA,WEST BRANCH AVENUE,BOILING SPRINGS,NC,28017
325,ROBERT A. MOTT GYMNASIUM,SOUTH PERIMETER ROAD AND LONGVIEW LANE,SAN LUIS OBISPO,CA,93407
326,DEL MAR,2260 JIMMY DURANTE BOULEVARD,DEL MAR,CA,92014
327,GOLDEN GATE FIELDS,1100 EASTSHORE HIGHWAY,ALBANY,CA,94710
328,STUDENT RECREATION CENTER,WEST LINDEN DRIVE AND ABERDEEN ROAD,RIVERSIDE,CA,92507
329,JACKSONVILLE VETERANS MEMORIAL ARENA,A. PHILIP RANDOLPH BOULEVARD,JACKSONVILLE,FL,32211
330,UNF ARENA,11852 UNIVERSITY OF NORTH FLORIDA DRIVE,JACKSONVILLE,FL,32224
331,THE MATADOME,PLUMMER STREET AND LINDLEY AVENUE,NORTHRIDGE,CA,91325
332,MEADOWLANDS RACETRACK,50 STATE ROUTE 120,EAST RUTHERFORD,NJ,7073
333,HAWKINS ARENA,ADAMS STREET AND EDGEWOOD AVENUE,MACON,GA,31207
334,ALLEN FIELDHOUSE,1651 NAISMITH DRIVE,LAWRENCE,KS,66045
335,PIMLICO RACE COURSE,5201 PARK HEIGHTS AVENUE,BALTIMORE,MD,21215
336,UC SANTA BARBARA EVENTS CENTER,OCEAN ROAD AND EL COLEGIO ROAD,SANTA BARBARA,CA,93106
337,SANTA ANITA PARK,285 WEST HUNTINGTON DRIVE,ARCADIA,CA,91007
338,PINNACLE BANK ARENA,400 PINNACLE ARENA DRIVE,LINCOLN,NE,68508
339,TITAN GYMNASIUM,GYMNASIUM CAMPUS DRIVE,FULLERTON,CA,92831
340,SARATOGA RACE COURSE,267 UNION AVENUE,SARATOGA SPRINGS,NY,12866
341,WALTER PYRAMID,MERRIAM WAY AND EAST ATHERTON STREET,LONG BEACH,CA,90815
342,COORS EVENTS CENTER,950 REGENT DRIVE,BOULDER,CO,80303
343,FERRELL CENTER,1900 S. UNIVERSITY PARKS DRIVE,WACO,TX,76706
344,MATTHEWS ARENA,SAINT BOTOLPH STREET AND GAINSBOROUGH STREET,BOSTON,MA,2115
345,KEENELAND,4201 VERSAILLES ROAD,LEXINGTON,KY,40588
346,FRANK ERWIN CENTER,1701 RED RIVER STREET,AUSTIN,TX,78701
347,PATRIOT CENTER,PO RIVER LANE,FAIRFAX,VA,22030
348,LAUREL PARK,ROUTE 198 AND RACETRACK ROAD,LAUREL,MD,20724
349,FRED BRAMLAGE COLISEUM,1800 COLLEGE AVENUE,MANHATTAN,KS,66502
350,STUART C. SIEGEL CENTER,1200 WEST BROAD STREET,RICHMOND,VA,23220
351,ARLINGTON PARK,2200 WEST EUCLID AVE,ARLINGTON HEIGHTS,IL,60005
352,GALLAGHER-IBA ARENA,KNOBLOCK STREET AND W. HALL OF FAME AVENUE,STILLWATER,OK,74075
353,TED CONSTANT CONVOCATION CENTER,4320 HAMPTON BOULEVARD,NORFOLK,VA,23508
354,LONE STAR PARK,2400 N BELT LINE ROAD,GRAND PRAIRIE,TX,75050
355,HILTON COLISEUM,UNIVERSITY DRIVE AND LINCOLN WAY,AMES,IA,50011
356,SECU ARENA,AUBURN DRIVE,TOWSON,MD,21204
357,GULFSTREAM PARK,901 SOUTH FEDERAL HIGHWAY,HALLANDALE BEACH,FL,33009
359,LLOYD NOBLE CENTER,2900 JENKINS AVENUE,NORMAN,OK,73072
360,TRASK COLISEUM,WAGONER ROAD AND HURST DRIVE,WILMINGTON,NC,28403
361,AQUEDUCT RACETRACK,110-00 RACKAWAY BOULEVARD,JAMAICA,NY,11417
362,MIZZOU ARENA,1 CHAMPIONS DRIVE,COLUMBIA,MO,65203
363,MOODY COLISEUM (SMU),BINKLEY AVENUE AND AIRLINE ROAD,DALLAS,TX,75205
364,REYNOLDS CENTER,EAST 8TH STREET AND SOUTH GARY PLACE,TULSA,OK,74112
365,REED ARENA,OLSEN BOULEVARD,COLLEGE STATION,TX,77843
366,MONMOUTH PARK,175 OCEANPORT AVENUE,OCEANPORT,NJ,7757
367,WILLIAMS ARENA AT MINGES COLISEUM,FICKHEN STREET,GREENVILLE,NC,27858
368,RESCH CENTER,1901 SOUTH ONEIDA STREET,GREEN BAY,WI,54304
369,TIMES UNION CENTER,51 SOUTH PEARL STREET,ALBANY,NY,12207
370,CALDER RACE TRACK,21001 NW 27TH AVE,MIAMI GARDENS,FL,33056
372,THE UIC PAVILION,525 SOUTH RACINE AVENUE,CHICAGO,IL,60607
373,HYNES ATHLETIC CENTER,PRESIDENT STREET AND DURAND STREET,NEW ROCHELLE,NY,10801
374,FAIR GROUNDS RACE COURSE,1751 GENTILLY BOULEVARD,NEW ORLEANS,LA,70119
375,U.S. CELLULAR ARENA,400 WEST KILBORNE AVENUE,MILWAUKEE,WI,53203
376,ALUMNI ARENA,WEBSTER ROAD,AMHERST,NY,14221
377,OAKLAWN PARK,2705 CENTRAL AVE,HOT SPRINGS,AR,71901
378,WOLSTEIN CENTER,EAST 18TH STREET AND PROSPECT AVENUE,CLEVELAND,OH,44115
379,JAMES A. RHODES ARENA,373 CARROLL  STREET,AKRON,OH,44325
380,RALPH WILSON STADIUM,1 BILLS DRIVE,ORCHARD PARK,NY,14127
381,UCCU CENTER,WEST 1000 SOUTH AND CAMPUS DRIVE,OREM,UT,84058
382,JOHN E. WORTHEN ARENA,1699 W. WEST BETHEL AVENUE,MUNCIE,IN,47304
384,SUN LIFE STADIUM,2267 NORTH WEST 199TH STREET,MIAMI GARDENS,FL,33056
386,ATHLETICS-RECREATION CENTER,1009 UNION STREET,VALPARAISO,IN,46383
387,THE PAVILION (CALIFORNIA),LA RUE ROAD AND ORCHARD ROAD,DAVIS,CA,95616
388,CARVER ARENA,201 SW JEFFERSON STREET,PEORIA,IL,61602
389,TIGER ARENA,TOMPKINS HEIGHTS,SAVANNAH,GA,31404
390,GILLETTE STADIUM,1 PATRIOT PLACE,FOXBORO,MA,2035
392,UTRGV FIELDHOUSE,WEST VAN WEEK STREET AND NORTH 5TH AVENUE,EDINBURG,TX,78541
393,ARENA-AUDITORIUM,EAST WILLET STREET AND NORTH 19TH STREET,LARAMIE,WY,82072
394,CLUNE ARENA,2169 FIELDHOUSE DRIVE,COLORADO SPRINGS,CO,80840
395,AMERICAN AIRLINES ARENA,601 BISCAYNE BOULEVARD,MIAMI,FL,33132
396,LEVIEN GYMNASIUM,3030 BROADWAY,NEW YORK,NY,10027
397,FIRSTENERGY STADIUM,100 ALFRED LERNER WAY,CLEVELAND,OH,44114
398,MARRIOTT CENTER,500 EAST UNIVERSITY PARKWAY,PROVO,UT,84602
399,GOLDEN 1 CENTER,547 L ST,SACRAMENTO,CA,95814
400,NEWMAN ARENA,CAMPUS ROAD AND GARDEN AVENUE,ITHICA,NY,14853
401,M&T BANK STADIUM,1101 RUSSELL STREET,BALTIMORE,MD,21230
402,PAUL BROWN STADIUM,1 PAUL BROWN STADIUM,CINCINNATI,OH,45202
403,PAUL BAILEY PIZZITOLA MEMORIAL SPORTS CENTER,LLOYD AVENUE AND HOPE STREET,PROVIDENCE,RI,2906
404,STEINBERG WELLNESS CENTER,168 ASHLAND PLACE,BROOKLYN,NY,11201
405,VIVINT SMART HOME ARENA,301 WEST SOUTH TEMPLE,SALT LAKE CITY,UT,84101
406,HEINZ FIELD,100 ART ROONEY AVENUE,PITTSBURGH,PA,15212
407,PAYNE WHITNEY GYMNASIUM,70 TOWER PARKWAY,NEW HAVEN,CT,6520
408,ALLSTATE ARENA,6920 MANNHEIN ROAD,ROSEMONT,IL,60018
409,EVERBANK FIELD,1 EVERBANK FIELD DRIVE,JACKSONVILLE,FL,32202
410,THE PALESTRA,215 SOUTH 33RD STREET,PHILADELPHIA,PA,19104
411,BMO HARRIS BRADLEY CENTER,1001 NORTH 4TH STREET,MILWAUKEE,WI,53233
412,QUICKEN LOANS ARENA,1 CENTER COURT,CLEVELAND,OH,44115
413,ORACLE ARENA,7000 COLISEUM WAY,OAKLAND,CA,94621
414,STATE FARM CENTER,1800 SOUTJ 605 1ST STREET,CHAMPAIGN,IL,61820
415,PETE MATHEWS COLISEUM,PARK AVENUE NW AND NISBET STREET NW,JACKSONVILLE,AL,36265
416,LUCAS OIL STADIUM,500 SOUTH CAPITOL AVENUE,INDIANAPOLIS,IN,46225
417,ASSEMBLY HALL,1001 EAST 17TH STREET,BLOOMINGTON,IN,47408
418,ALEX G. SPANOS CENTER,1178 LARRY HELLER DRIVE,STOCKTON,CA,95211
419,SMOOTHIE KING CENTER,1601 GIROD STREET,NEW ORLEANS,LA,70113
420,NRG STADIUM,1 RELIANT PARK,HOUSTON,TX,77054
421,CFSB CENTER,1401 STATE ROUTE 121,MURRAY,KY,42071
422,TUDOR FIELDHOUSE,6100 MAIN STREET,HOUSTON,TX,77251
423,LP FIELD,1 TITANS WAY,NASHVILLE,TN,37213
424,SHOW ME CENTER,1333 NORTH SPRIGG STREET,CAPE GIRARDEAU,MO,63701
425,MODA CENTER,1 CENTER COURT,PORTLAND,OR,97227
426,CFE ARENA,NORTH GEMINI BLVD,ORLANDO,FL,32765
427,OAKLAND ALAMEDA COLISEUM,7000 COLISEUM WAY,OAKLAND,CA,94621
428,SKYHAWK ARENA,MOUNT PELIA ROAD AND UNIVERSITY STREET,MARTIN,TN,38237
429,AMERICAN AIRLINES CENTER,2500 VICTORY AVENUE,DALLAS,TX,75219
430,ALLEN COUNTY WAR MEMORIAL COLISEUM,4000 PARNELL AVENUE,FORT WAYNE,IN,46805
431,ARROWHEAD STADIUM,1 ARROWHEAD DRIVE,KANSAS CITY,MO,64129
432,MAPLES PAVILION,655 CAMPUS DRIVE,STANFORD,CA,94305
433,ALUMNI GYMNASIUM,2083 LAWRENCEVILLE ROAD,LAWRENCEVILLE,NJ,8648
434,SPORTS AUTHORITY FIELD AT MILE HIGH,1701 MILE HIGH STADIUM CIRCLE WEST,DENVER,CO,80204
435,WALTER A. HAAS PAVILION,BANCROFT WAY AND DANA STREET,BERKELEY,CA,94720
436,WEBSTER BANK ARENA,600 MAIN STREET,BRIDGEPORT,CT,6604
437,QUALCOMM STADIUM,9449 FRIARS ROAD,SAN DIEGO,CA,92108
438,SOJKA PAVILION,ROTC DRIVE,LEWISBURG,PA,17837
439,ALUMNI COLISEUM,KIT CARSON DRIVE AND PARK DRIVE,RICHMOND,KY,40475
440,FEDEX FIELD,1600 FEDEX WAY,LANDOVER,MD,20785
441,STABLER ARENA,124 GOODMAN DRIVE,BETHLEHEM,PA,18015
442,ALASKA AIRLINES ARENA,3870 MONTLAKE BOULEVARD NE,SEATTLE,WA,98105
443,AT&T STADIUM,1 LEGENDS WAY,ARLINGTON,TX,76011
444,MEMORIAL GYMNASIUM (TENNESSEE),25TH AVENUE SOUTH AND VANDERBILT PLACE,NASHVILLE,TN,37212
445,METLIFE STADIUM,1 METLIFE STADIUM DRIVE,EAST RUTHERFORD,NJ,7073
446,PETE MARAVICH ASSEMBLY CENTER,NORTH STADIUM ROAD,BATON ROUGE,LA,70803
447,TD GARDEN,100 LEGENDS WAY,BOSTON,MA,2114
448,MCKALE MEMORIAL CENTER,MARTINE AVENUE AND ENKE DRIVE,TUCSON,AZ,85721
449,LINCOLN FINANCIAL FIELD,1020 PATTISON AVENUE,PHILADELPHIA,PA,19148
450,PEPSI CENTER,1000 CHOPPER CIRCLE,DENVER,CO,80204
451,FORD FIELD,2000 BRUSH STREET,DETROIT,MI,48226
452,RUPP ARENA,430 WEST VINE STREET,LEXINGTON,KY,40507
453,WELLS FARGO ARENA,600 EAST VETERANS WAY,TEMPE,AZ,85281
454,STEGEMAN COLISEUM,CARLTON STREET,ATHENS,GA,30602
455,ALLAN P. KIRBY SPORTS CENTER,700 PIERCE STREET,EASTON,PA,18402
456,STEPHEN C. O'CONNELL CENTER,250 GALE LEMERAND DRIVE,GAINESVILLE,FL,32611
457,LAMBEAU FIELD,1265 LOMBARDI AVENUE,GREEN BAY,WI,54304
458,ALUMNI HALL,DECATUR ROAD AND MCNAIR ROAD,ANNAPOLIS,MD,21402
459,THE PAVILION AT OLE MISS,1 ALL AMERICAN DRIVE,OXFORD,MS,38677
460,SOLDIER FIELD,1410 SOUTH MUSEUM CAMPUS DRIVE,CHICAGO,IL,60605
461,THOMPSON-BOLING ARENA,1600 PHILLIP FULMER WAY,KNOXVILLE,TN,37916
462,BANK OF AMERICA STADIUM,800 SOUTH MINT STREET,CHARLOTTE,NC,28202
463,MCALISTER FIELD HOUSE,HAMMOND AVENUE AND GRIER AVENUE,CHARLESTON,SC,29409
464,GEORGIA DOME,1 GEORGIA DOME DRIVE NW,ATLANTA,GA,30313
465,PHILIPS ARENA,1 PHILIPS DRIVE NW,ATLANTA,GA,30303
466,LISTON B. RAMSEY REGIONAL ACTIVITY CENTER,92 CATAMOUNT ROAD,CULLOWHEE,NC,28723
467,MCKENZIE ARENA,720 EAST 4TH STREET,CHATTANOOGA,TN,37403
468,MERCEDES-BENZ SUPERDOME,1550 SUGAR BOWL DRIVE,NEW ORLEANS,LA,70112
469,UNITED CENTER,1902 WEST MADISON STREET,CHICAGO,IL,60612
470,TIMMONS ARENA,3300 POINSETT HIGHWAY,GREENVILE,SC,29613
471,RAYMOND JAMES STADIUM,4201 NORTH DALE MABRY HIGHWAY,TAMPA,FL,33607
472,CENTURYLINK FIELD,800 OCCIDENTAL AVENUE SOUTH,SEATTLE,WA,98134
473,PRUDENTIAL CENTER,25 LAFAYETTE STREET,NEWARK,NJ,7102
474,HANNER FIELDHOUSE,GEORGIA AVENUE AND HERTY DRIVE,STATESBORO,GA,30458
475,MADISON SQUARE GARDEN,4 PENNSYLVANIA PLAZA,NEW YORK,NY,10001
476,STAPLES CENTER,1111 SOUTH FIGUEROA STREET,LOS ANGELES,CA,90015
477,UNIVERSITY OF PHOENIX STADIUM,1 CARDINALS DRIVE,GLENDALE,AZ,85305
478,MONTAGNE CENTER,4400 SOUTH M L KING JR PARKWAY,BEAUMONT,TX,77705
479,TARGET CENTER,600 FIRST AVENUE NORTH,MINNEAPOLIS,MN,55403
480,FIFTH THIRD FIELD,406 WASHINGTON ST,TOLEDO,OH,43604
481,TALKING STICK RESORT ARENA,201 EAST JEFFERSON,PHOENIX,AZ,85004
482,ISOTOPES PARK,1601 AVENIDA CESAR CHAVEZ SE,ALBUQUERQUE,NM,87106
483,PRATHER COLISEUM,CASPERI STREET AND SOUTH JEFFERSON STREET,NATCHITOCHES,LA,71457
484,CENTENNIAL BANK STADIUM,A STREET AND OLYMPIC DRIVE,JONESBORO,AR,72401
485,TIME WARNER CABLE ARENA,333 EAST TRADE STREET,CHARLOTTE,NC,28202
486,SECURITY SERVICE FIELD,4385 TUTT BLVD,COLORADO SPRINGS,CO,80922
487,ARIZONA STADIUM,1 NORTH NATIONAL CHAMPION DRIVE,TUCSON,AZ,85721
488,STOPHER GYMNASIUM,NSU ACADIA DRIVE AND NSU ELLENDALE DRIVE,THIBODAUX,LA,70310
489,STRAHAN COLISEUM,AQUARENA SPRINGS DRIVE AND CHARLES AUSTIN DRIVE,SAN MARCOS,TX,78666
490,SUN DEVIL STADIUM,500 EAST VETERANS WAY,TEMPE,AZ,85281
491,SOUTHWEST UNIVERSITY PARK,1 BALLPARK PLAZA,EL PASO,TX,79901
492,BANKERS LIFE FIELDHOUSE,125 SOUTH PENNSYLVANIA STREET,INDIANAPOLIS,IN,46204
493,CHUKCHANSI PARK,1800 TULARE ST,FRESNO,CA,93721
494,TOYOTA CENTER,1510 POLK STREET,HOUSTON,TX,77002
495,PALACE OF AUBURN HILLS,2 CHAMPIONSHIP DRIVE,AUBURN HILLS,MI,48326
496,PRINCIPAL PARK,1 LINE DR,DES MOINES,IA,50309
497,CALIFORNIA MEMORIAL STADIUM,STADIUM RIM WAY AND CENTENNIAL DRIVE,BERKELEY,CA,94704
498,UNIVERSITY CENTER,WEST UNIVERSITY AVENUE AND COLLEGE DRIVE,HAMMOND,LA,70401
499,AT&T CENTER,1 AT&T CENTER PARKWAY,SAN ANTONIO,TX,78219
500,CASHMAN FIELD,850 LAS VEGAS BLVD N,LAS VEGAS,NV,89101
501,CHESAPEAKE ENERGY ARENA,100 WEST RENO AVENUE,OKLAHOMA CITY,OK,73102
502,AUTOZONE PARK,200 UNION AVE,MEMPHIS,TN,38103
503,LOS ANGELES MEMORIAL COLISEUM,3911 SOUTH FIGUEROA STREET,LOS ANGELES,CA,90037
504,FIRST TENNESSEE PARK,19 JR GILLIAM WAY,NASHVILLE,TN,37219
506,ZEPHYR FIELD,6000 AIRLINE DR,METAIRIE,LA,70003
507,AMWAY CENTER,CHURCH ST AND DIVISION AVE,ORLANDO,FL,32801
508,ROSE BOWL,1001 ROSE BOWL DRIVE,PASADENA,CA,91103
509,CHICKASAW BRICKTOWN BALLPARK,2 S MICKEY MANTLE DR,OKLAHOMA CITY,OK,73104
510,HANK MCCAMISH PAVILION,965 FOWLER STREET,ATLANTA,GA,30332
511,WERNER PARK,12356 BALLPARK WAY,PAPILLION,NE,68046
512,CAMERON INDOOR STADIUM,TOWNVIEW ROAD,DURHAM,NC,27701
513,ACES BALLPARK,250 EVANS AVE,RENO,NV,89501
514,CASSELL COLISEUM,WASHINGTON STREET AND SPRING ROAD,BLACKSBURG,VA,24060
515,COMCAST CENTER,TERRAPIN TRAIL,COLLEGE PARK,MD,20742
516,DELL DIAMOND,3400 E PALM VALLEY BLVD,ROUND ROCK,TX,78665
517,STANFORD STADIUM,GALVEZ STREET AND NELSON ROAD,STANFORD,CA,94305
518,CONTE FORUM,140 COMMONWEALTH AVENUE,CHESTNUT HILL,MA,2467
519,RALEY FIELD,400 BALLPARK DR,WEST SACRAMENTO,CA,95691
520,BANKUNITED CENTER,1245 WILLIAM E. WALSH AVENUE,CORAL GABLES,FL,33146
521,SMITH'S BALLPARK,77 1300 S,SALT LAKE CITY,UT,84115
522,DEAN E. SMITH CENTER,SKIPPER BOWLES DRIVE,CHAPEL HILL,NC,27514
523,CHENEY STADIUM,2502 S TYLER ST,TACOMA,WA,98405
524,BULLDOG STADIUM,1600 EAST BULLDOG LANE,FRESNO,CA,93740
525,JOHN PAUL JONES ARENA,295 MASSIE ROAD,CHARLOTTTESVILLE,VA,22903
526,PARQUE DE BEISBOL ALBERTO ROMO CHAVEZ,JUAN DE LA BARRERA 102,AGUASCALIENTES,AG,20190
527,LAWRENCE JOEL VETERANS MEMORIAL COLISEUM,499 DEACON BOULEVARD,WINSTON-SALEM,NC,27105
528,ESTADIO REVOLUCION,AV JUAREZ 1822,TORREON,CA,27000
529,LITTLEJOHN COLISEUM,CENTENNIAL BOULEVARD AND RAVENAL ROAD,CLEMSON,SC,29634
530,ESTADIO DE BEISBOL FRAY NANO,FERNANDO IGLESIAS CALDERON S/N,MEXICO CITY,DF,15900
531,ESTADIO MONCLOVA,AV LOS REYES 1300,MONCLOVA,CA,25750
532,PNC ARENA,1400 EDWARDS MILL ROAD,RALEIGH,NC,27607
533,DONALD L. TUCKER CENTER,505 WEST PENSACOLA STREET,TALLAHASSEE,FL,32301
534,ESTADIO DE BEISBOL MONTERREY,AV MANUEL L. BARRAGAN S/N,MONTERREY,NL,64290
535,CASE GYMNASIUM,925 COMMONWEALTH AVENUE,BOSTON,MA,2215
536,ESTADIO GASMART,MISSION DE SANTO TOMAS S/N,TIJUANA,BN,22223
537,BINGHAMTON UNIVERSITY EVENTS CENTER,4400 VESTAL PARKWAY EAST,BINGHAMTON,NY,13902
538,PARQUE DE BEISBOL ADOLFO LOPEZ MATEOS,DURANGO 400,REYNOSA,TM,88654
539,SPARTAN STADIUM (CALIFORNIA),1350 SOUTH 7TH STREET,SAN JOSE,CA,95112
540,ESTADIO DE BEISBOL FRANCISCO I. MADERO,JESUS VALDEZ SANCHEZ 1 INT. B,SALTILLO,CA,25284
541,ALFOND ARENA,TUNK ROAD,ORONO,ME,4469
543,FOLSOM FIELD,STADIUM DRIVE,BOULDER,CO,80302
544,ESTADIO RESURGIMIENTO,AV JUAREZ S/N,CIUDAD DEL CARMEN,CM,24166
545,ESTADIO DE BEISBOL HERMANOS SERDAN,CALZADA IGNACIO ZARAGOZA 666,PUEBLA,PU,72220
546,ESTADIO EDUARDO VASCONCELOS,BLV EDUARDO VASCONCELOS Y CALZ,OAXACA,OA,68080
547,ESTADIO DE BEISBOL BETO AVILA,MAYAPAN,CANCUN,QR,77500
548,PARQUE DE BóISBOL CENTENARIO DEL 27 DE FEBRERO,AVENIDA VELODROMO DE LA CIUDAD DEPORTIVA S/N,VILLAHERMOSA,TB,86100
549,FALCON STADIUM,STADIUM BOULEVARD,USAFA,CO,80840
550,ESTADIO UNIVERSITARIO BETO AVILA,PASEO DE LAS JACARANDAS,BOCA DEL RIO,VE,91700
551,SONNY LUBICK FIELD AT HUGHES STADIUM,SOUTH OVERLAND TRAIL AND ROSS DRIVE,FORT COLLINS,CO,80526
552,ESTADIO DE BEISBOL KUKULKAN,CALLE 28,MERIDA,YU,97174
553,HOLLYWOOD PARK,1050 SOUTH PRAIRIE AVENUE,INGLEWOOD,CA,90301
554,COLONIAL DOWNS,10515 COLONIAL DOWNS PARKWAY,NEW KENT,VA,23124
555,RENTSCHLER FIELD,615 SILVER LANE,HARTFORD,CT,6118
556,THE DOME AT AMERICAêS CENTER,701 CONVENTION PLAZA,SAINT LOUIS,MO,63101
557,BOK CENTER,200 SOUTH DENVER AVE,TULSA,OK,74103
558,NASSAU VETERANS MEMORIAL COLISEUM,1255 HEMPSTEAD TURNPIKE,UNIONDALE,NY,11553
560,SLEEP TRAIN ARENA,1 SPORTS PARKWAY,SACRAMENTO,CA,95834
561,IUPUI GYMNASIUM,1000 WATERWAY BLVD,INDIANAPOLIS,IN,46202
563,RABOBANK ARENA,1001 TRUXTUN AVENUE,BAKERSFIELD,CA,93301
564,RALSTON ARENA,72ND AND Q STREETS,OMAHA,NE,68127
565,BERNARD G. JOHNSON COLISEUM,1964 BOBBY K MARKS DRIVE,HUNTSVILLE,TX,77340
566,BURTON COLISEUM,7001 GULF HIGHWAY,LAKE CHARLES,LA,70607
567,FARRIS CENTER,BRUCE STREET AND WESTERN AVENUE,CONWAY,AR,72034
568,E.A. DIDDLE ARENA,1526 AVENUE OF CHAMPIONS,BOWLING GREEN,KY,42107
569,FANT-EWING COLISEUM,NORTHEAST DRIVE AND BON AIRE DRIVE,MONROE,LA,71203
570,FAU ARENA,777 GLADES ROAD,BOCA RATON,FL,33431
571,JACK STEPHENS CENTER,2801 S. UNIVERSITY AVENUE,LITTLE ROCK,AR,72204
572,FELTON G. CLARK ACTIVITY CENTER,7722 SCENIC HWY BATON ROUGE,BATON ROUGE,LA,70813
573,HEALTH AND PHYSICAL EDUCATION ARENA,3105 ROSEWOOD ST,HOUSTON,TX,77004
574,LEE E. WILLIAMS ASSEMBLY CENTER,1400 LYNCH STREET,JACKSON,MS,39203
575,PROVIDENCE PARK,1844 SW MORRISON,PORTLAND,OR,97205
577,DEE GLEN SMITH SPECTRUM,900 NORTH AND 800 EAST,LOGAN,UT,84321
578,ANGEL STADIUM OF ANAHEIM,2000 EAST GENE AUTRY WAY,ANAHEIM,CA,92806
579,EVENT CENTER,300 S. 7TH STREET,SAN JOSE,CA,95112
580,CHASE FIELD,401 EAST JEFFERSON STREET,PHOENIX,AZ,85004
581,LAWLOR EVENTS CENTER,1664 NORTH VIRGINIA STREET,RENO,NV,89507
582,MUNICIPAL AUDITORIUM,301 WEST 13TH STREET,KANSAS CITY,MO,64105
583,CITIZENS BANK PARK,1 CITIZENS BANK WAY,PHILADELPHIA,PA,19148
584,COMERICA PARK,2100 WOODWARD AVENUE,DETROIT,MI,48201
585,YANITELLI CENTER,870 MONTGOMERY STREET,JERSEY CITY,NJ,7306
586,COORS FIELD,2001 BLAKE STREET,DENVER,CO,80205
587,MEMORIAL ATHLETIC AND CONVOCATION CENTER,1025 RISMAN DRIVE,KENT,OH,44243
588,DODGER STADIUM,1000 ELYSIAN PARK AVENUE,LOS ANGELES,CA,90090
589,MILLETT HALL,500 EAST SYCAMORE STREET,OXFORD,OH,45056
590,FENWAY PARK,4 YAWKEY WAY,BOSTON,MA,2215
591,NIU CONVOCATION CENTER,1525 WEST LINCOLN HIGHWAY,DEKALB,IL,60115
592,GREAT AMERICAN BALL PARK,100 JOE NUXHALL WAY,CINCINNATI,OH,45202
593,UNIVERSITY ARENA,WESTERN AVENUE AND OLIVER STREET,KALAMAZOO,MI,49008
594,PROGRESSIVE FIELD,2401 ONTARIO STREET,CLEVELAND,OH,44115
595,MCGUIRK ARENA,360 WEST BROOMFIELD STREET,MOUNT PLEASANT,MI,48858
596,MEMORIAL HALL GYMNASIUM,1200 NORTH DUPONT HIGHWAY,DOVER,DE,19901
597,KAUFFMAN STADIUM,1 ROYAL WAY,KANSAS CITY,MO,64141
598,MOORE GYMNASIUM,623 DOCTOR MARY MCLEOD BETHUNE BOULEVARD,DAYTONA BEACH,FL,32114
599,MILLER PARK,1 BREWERS WAY,MILWAUKEE,WI,53214
600,SMITH-HAMMOND-MIDDLETON MEMORIAL CENTER,300 BUCKLEY STREET,ORANGEBURG,SC,29117
601,MINUTE MAID PARK,501 CRAWFORD STREET,HOUSTON,TX,77002
602,BUSCH STADIUM,700 CLARK AVENUE,SAINT LOUIS,MO,63102
603,HYTCHE ATHLETIC CENTER,11868 ACADEMIC OVAL,PRINCESS ANNE,MD,21853
604,MABEE CENTER,81ST STREET AND SOUTH LEWIS AVENUE,TULSA,OK,74136
605,ORIOLE PARK AT CAMDEN YARDS,333 WEST CAMDEN STREET,BALTIMORE,MD,21201
606,AT&T PARK,24 WILLIE MAYS PLAZA,SAN FRANCISCO,CA,94107
607,ATHLETICS CENTER O'RENA,PIONEER DRIVE,ROCHESTER,MI,48309
608,PETCO PARK,19 TONY GWYNN DRIVE,SAN DIEGO,CA,92101
609,WESTERN HALL,NORTH WESTERN AVENUE AND WEST UNIVERSITY DRIVE,MACOMB,IL,61455
610,PNC PARK,115 FEDERAL STREET,PITTSBURGH,PA,15212
611,SAFECO FIELD,1250 1ST AVENUE SOUTH,SEATTLE,WA,98134
612,MCLEOD CENTER,HUDSON ROAD AND WEST 27TH STREET,CEDAR FALLS,IA,50631
613,CITI FIELD,123-01 ROOSEVELT AVENUE,FLUSHING,NY,11368
614,CENTURYLINK CENTER,455 NORTH 10TH STREET,OMAHA,NE,68102
615,GLOBE LIFE PARK IN ARLINGTON,1000 BALLPARK WAY,ARLINGTON,TX,76011
616,REDBIRD ARENA,COLLEGE AVENUE AND NORTH MAIN STREET,NORMAL,IL,61761
617,TROPICANA FIELD,1 TROPICANA DRIVE,SAINT PETERSBURG,FL,33705
618,SIU ARENA,SALUKI BOULEVARD AND ARENA DRIVE,CARBONDALE,IL,62901
619,TURNER FIELD,755 HANK AARON DRIVE,ATLANTA,GA,30315
620,MOBY ARENA,SOUTH SHIELD STREET AND NORTH DRIVE,FORT COLLINS,CO,80521
621,THOMAS AND MACK CENTER,THOMAS AND MACKIE DRIVE AND SWENSON STREET,LAS VEGAS,NV,89119
622,U.S. CELLULAR FIELD,333 WEST 35TH STREET,CHICAGO,IL,60616
623,WISEPIES ARENA,UNIVERSITY BOULEVARD SE AND AVENIDA DE CESAR CHAVEZ,ALBUQUERQUE,NM,87106
624,WRIGLEY FIELD,1060 WEST ADDISON STREET,CHICAGO,IL,60613
625,POPE PHYSICAL EDUCATION CENTER,CLINTON STREET AND JORALEMON STREET,BROOKLYN HEIGHTS,NY,11201
626,YANKEE STADIUM,EAST 161ST & RIVER AVENUE,BRONX,NY,10451
627,SPIRO SPORTS CENTER,CAMPUS ROAD AND HOWARD AVENUE,STATEN ISLAND,NY,10301
628,NATIONALS PARK,1500 SOUTH CAPITOL ST SE,WASHINGTON,DC,20003
629,T.D. BANK SPORTS CENTER,KIMBERLY AVENUE,HAMDEN,CT,6518
630,TARGET FIELD,1 TWINS WAY,MINNEAPOLIS,MN,55415
631,GEORGE AND PHYLLIS ROTHMAN CENTER,UNIVERSITY PLAZA DRIVE AND TEMPLE AVENUE,TEANECK,NJ,7666
632,WILLIAM H. PITT HEALTH AND RECREATION CENTER,PARK AVENUE AND JEFFERSON STREET,FAIRFIELD,CT,6825
634,MCCARTHEY ATHLETIC CENTER,801 NORTH CINCINNATI STREET,SPOKANE,WA,99202
635,MARLINS PARK,501 MARLINS WAY,MIAMI,FL,33125
636,MCKEON PAVILION,DE LA SALLE DRIVE AND GAEL WAY,MORAGA,CA,94556
637,WAIALAE COUNTRY CLUB,4997 KAHALA AVENUE,HONOLULU,HI,96816
638,WAR MEMORIAL GYMNASIUM,2335 GOLDEN GATE AVENUE,SAN FRANCISCO,CA,94117
639,KAPALUA PLANTATION GOLF CLUB,2000 PLANTATION CLUB DRIVE,LAHAINA,HI,96761
640,PEBBLE BEACH GOLF LINKS,17-MILE DRIVE,PEBBLE BEACH,CA,93953
641,UNITED SUPERMARKETS ARENA,INDIANA AVENUE AND 18TH STREET,LUBBOCK,TX,79409
642,CORDEVALLE GOLF CLUB,1 CORDEVALLE CLUB DR.,SAN MARTIN,CA,95046
643,LOUIS BROWN ATHLETIC CENTER,83 ROCKEFELLER ROAD,PISCATAWAY,NJ,8854
644,RIVIERA COUNTRY CLUB,1250 CAPRI DRIVE,PACIFIC PALISADES,CA,90272
645,TORREY PINES GOLF COURSE,11480 TORREY PINES PARK ROAD,SAN DIEGO,CA,92037
646,PALMER PRIVATE COURSE-PGA WEST,55-955 PGA BOULEVARD,LA QUINTA,CA,92253
647,MONTREUX GOLF CLUB,18077 BORDEAUX DRIVE,RENO,NV,89511
648,TOURNAMENT PLAYERS CLUB-SUMMERLIN,1700 VILLAGE CENTER CIRCLE,LAS VEGAS,NV,89134
649,RITZ CARLTON GOLF CLUB-DOVE MT,6501 WEST BOULDER BRIDGE PASS,MARANA,AZ,85658
650,TOURNAMENT PLAYERS CLUB STADIUM COURSE,17020 NORTH HAYDEN ROAD,SCOTTSDALE,AZ,85255
651,TRUMP INTERNATIONAL GOLF CLUB,100 CLUBHOUSE DRIVE,RIO GRANDE,PR,745
652,TOURNAMENT PLAYERS CLUB OF SAN ANTONIO,23808 RESORT PARKWAY,SAN ANTONIO,TX,78259
653,BENDER ARENA,4400 NEBRASKA AVENUE NW,WASHINGTON,DC,20016
654,CHRISTL ARENA,700 MILLS ROAD,WEST POINT,NY,10996
655,BUD WALTON ARENA,1207 LEROY POND DRIVE,FAYETTEVILLE,AR,73701
656,ALUMNI GYM,WEST HAGGARD AVENUE AND NORTH WILLIAMSON AVENUE,ELON,NC,27244
657,HOLMES CENTER,111 RIVERS STREET,BOONE,NC,28608
658,AMERICAN BANK CENTER,1901 SHORELINE BOULEVARD,CORPUS CHRISTI,TX,78401
659,CONVOCATION CENTER (ARKANSAS),217 OLYMPIA DRIVE,JONESBORO,AR,72401
660,DAVEY WHITNEY COMPLEX,1000 ASU DRIVE,ALCORN,MS,39096
661,DUNN-OLIVER ACADOME,SOUTH UNIVERSITY DRIVE AND ROBERT C. HATCH DRIVE,MONTGOMERY,AL,36106
662,KENNETH L. JOHNSON COMPLEX,1542 L. A. PREXY DAVIS DRIVE,PINE BLUFF,AR,71601
663,T.M. ELMORE GYMNASIUM,DAVIS ROAD NORTHEAST,NORMAL,AL,35811
664,TACO BELL ARENA,1910 UNIVERSITY DRIVE,BOISE,ID,83725
665,CONVOCATION CENTER (TEXAS),6900 NORTH LOOP 1640 WEST,SAN ANTONIO,TX,78249
666,GERSTEN PAVILION,1 LMU DRIVE,LOS ANGELES,CA,90045
667,WILLIAM R. JOHNSON COLISEUM,EAST COLLEGE STREET AND NORTH UNIVERSITY DRIVE,NACOGDOCHES,TX,75961
668,AGGANIS ARENA,HARRY AGGANIS WAY,BOSTON,MA,2215
669,MAGNESS ARENA,2201 EAST ASBURY AVENUE,DENVER,CO,80210
670,CONSOL ENERGY CENTER,1001 FIFTH AVENUE,PITTSBURGH,PA,15219
671,MITCHELL CENTER,2195 MITCHELL CENTER DRIVE,MOBILE,AL,36608
672,MURPHY CENTER,MIDDLE TENNESSEE BOULEVARD AND DIVISION STREET,MURFREESBORO,TN,37132
673,MCCANN FIELD HOUSE,3399 N RD,POUGHKEEPSIE,NY,12601
674,GALLAGHER CENTER,2009 NIAGARA UNIVERSITY,NIAGARA FALLS,NY,14109
675,FIU ARENA,11200 SW 8TH STREET,MIAMI,FL,33174
676,BOBBY BOWDEN FIELD AT DOAK CAMPBELL STADIUM,CHAMPIONS WAY,TALLAHASSEE,FL,32304
677,KOESSLER ATHLETIC CENTER,MAIN STREET (NY-5),BUFFALO,NY,14208
678,CAJUNDOME,CAJUNDOME BOULEVARD AND WEST CONGRESS STREET,LAFAYETTE,LA,70506
679,BEN HILL GRIFFIN STADIUM,157 GALE LEMERAND DRIVE,GAINESVILLE,FL,32611
680,CONVOCATION CENTER (MICHIGAN),799 NORTH HEWITT ROAD,YPSILANTI,MI,48197
681,UNT COLISEUM,600 AVENUE D,DENTON,TX,76201
682,OCEAN BANK FIELD AT FIU STADIUM,SW 17TH STREET AND SW 112TH AVENUE,MIAMI,FL,33165
683,CONVOCATION CENTER (OHIO),95 RICHLAND AVENUE,ATHENS,OH,45701
684,TROJAN ARENA,5000 VETERANS STADIUM DRIVE,TROY,AL,36082
685,BOBBY DODD STADIUM,155 NORTH AVENUE NW,ATLANTA,GA,30332
686,MEMORIAL GYMNASIUM (LOUISIANA),REED STREET AND SANDLE STREET,GRAMBLING,LA,71245
687,SANFORD STADIUM,SANFORD DRIVE AND FIELD STREET,ATHENS,GA,30605
688,SAVAGE  ARENA,2801 W BANCROFT ST,TOLEDO,OH,43606
689,ALOHA STADIUM,99-500 SALT LAKE BOULEVARD,HONOLULU,HI,96818
690,BURR GYMNASIUM,2400 6TH ST NW,WASHINGTON,DC,20001
691,HARRISON HPER COMPLEX,SUNFLOWER LANE AND LEFLORE AVENUE,ITTA BENA,MS,38941
692,KINNICK STADIUM,STADIUM DRIVE AND HAWKINS DRIVE,IOWA CITY,IA,52242
693,HAMPTON CONVOCATION CENTER,100 E QUEEN ST,HAMPTON,VA,23668
694,WILLIIAM NICKS BUILDING,L. W. MINOR STREET,PRAIRIE VIEW,TX,77445
695,CORBETT SPORTS CENTER,1601 EAST MARKET STREET,GREENSBORO,NC,27401
696,JACK TRICE STADIUM,1798 SOUTH FOURTH STREET,AMES,IA,50010
697,PAN AMERICAN CENTER,INTERNATIONAL MALL AND PAYNE STREET,LAS CRUCES,NM,88003
698,ALFRED LAWSON CENTER,1800 WAHNISH WAY,TALLAHASSEE,FL,32301
699,ALBERTSONS STADIUM,WEST BRONCO CIRCLE,BOISE,ID,83725
700,THOMAS ASSEMBLY CENTER,WEST ALABAMA AVENUE AND PENNY LANE,RUSTON,LA,71270
701,TALMADGE L. HILL FIELD HOUSE,ARGONNE DRIVE AND HILLEN ROAD,BALTIMORE,MD,21239
702,KIBBIE-ASUI ACTIVITY CENTER,1000 STADIUM DRIVE,MOSCOW,ID,83844
703,SAVE MART CENTER,EAST SHAW AVENUE AND NORTH CHESTNUT AVENUE,FRESNO,CA,93710
704,JOSEPH ECHOLS MEMORIAL HALL,700 PARK AVE,NORFOLK,VA,23504
705,MEMORIAL STADIUM (ILLINOIS),SOUTH 1ST STREET AND WEST KIRBY AVENUE,CHAMPAIGN,IL,61820
706,STAN SHERIFF CENTER,LOWER CAMPUS ROAD,HONOLULU,HI,96822
707,CENTRUM ARENA,351 WEST CENTER STREET,CEDAR CITY,UT,84720
708,RYAN FIELD,1501 CENTRAL STREET,EVANSTON,IL,60208
709,FORD CENTER,SOUTHEAST MARTIN LUTHER KING JR BOULEVARD,EVANSVILLE,IN,47708
710,INDIANA FARMERS COLISEUM,1202 E 38TH ST,INDIANAPOLIS,IN,46205
711,LEGION FIELD,GRAYMOUNT AVENUE W AND JASPER ROAD W,BIRMINGHAM,AL,35204
712,MULTIPURPOSE ACTIVITY CENTER,400 CEDAR AVENUE,WEST LONG BRANCH,NJ,7764
713,CHARLES KOCH ARENA,EAST 21ST STREET AND NORTH HILLSIDE AVENUE,WICHITA,KS,67260
714,BRYANT-DENNY STADIUM,950 PAUL W. BRYANT DRIVE,TUSCALOOSA,AL,35401
715,MATTHEW KNIGHT ARENA,1776 EAST 13TH STREET,EUGENE,OR,97401
716,HULMAN ARENA,200 NORTH 8TH STREET,TERRE HAUTE,IN,47807
717,JORDAN-HARE STADIUM,251 SOUTH DONAHUE DRIVE,AUBURN,AL,36849
718,COLLEGE PARK CENTER,601 SOUTH PECAN STREET,ARLINGTON,TX,76010
719,JQH ARENA,685 SOUTH JOHN Q. HAMMONS PARKWAY,SPRINGFIELD,MO,65807
720,VETERANS MEMORIAL STADIUM,SOUTH GEORGE WALLACE DR AND MELTON CARTER DR,TROY,AL,36081
721,ALICO ARENA,10501 FGCU BOULEVARD,FORT MEYERS,FL,33965
722,KNAPP ARENA,2601 FOREST AVENUE,DES MOINES,IA,50311
723,DONALD W. REYNOLDS RAZORBACK STADIUM,WEST MAPLE STREET AND NORTH STADIUM DRIVE,FAYETTEVILLE,AR,72701
724,G.B. HODGE CENTER,HODGE DRIVE,SPARTANBURG,SC,29303
725,VIEJAS ARENA,5500 CANYON CREST DRIVE,SAN DIEGO,CA,92115
726,WAR MEMORIAL STADIUM (ARKASAS),FAIR PARK BOULEVARD AND WEST MARKHAM STREET,LITTLE ROCK,AR,72205
727,WELLS FARGO CENTER,3601 SOUTH BROAD STREET,PHILADELPHIA,PA,19148
728,DANIEL-MEYER COLISEUM,2900 STADIUM DRIVE,FORT WORTH,TX,76109
729,HUSKIE STADIUM,1245 STADIUM DRIVE SOUTH,DEKALB,IL,60115
730,HOLT ARENA,550 MEMORIAL DRIVE,POCATELLO,ID,83201
731,HUNTSMAN CENTER,1825 EAST SOUTH CAMPUS ROAD,SALT LAKE CITY,UT,84112
732,MEMORIAL STADIUM (INDIANA),701 EAST 17TH STREET,BLOOMINGTON,IN,47408
733,TEMPLETON PHYSICAL EDUCATION CENTER,ASHLAND STREET,CLINTON,SC,29325
734,SEWALL CENTER,6001 UNIVERSITY BLVD,MOON TOWNSHIP,PA,15108
735,ROSS-ADE STADIUM,STEVEN BEERING DRIVE AND VICTORY DRIVE,WEST LAFAYETTE,IN,47907
736,KIMMEL ARENA,227 CAMPUS DRIVE,ASHEVILLE,NC,28804
737,DEGOL ARENA,140 LAKEVIEW DRIVE,LORETTO,PA,15940
738,NOTRE DAME STADIUM,MOOSE KRAUSE CIRCLE AND DORR ROAD,NOTRE DAME,IN,46637
739,SHARP GYMNASIUM,HINTON DRIVE,HOUSTON,TX,77074
740,DETRICK GYMNASIUM,1615 STANLEY ST,NEW BRITAIN,CT,6053
741,SCHEUMANN STADIUM,BETHEL AVENUE AND TILLOTSON AVENUE,MUNCIE,IN,47034
742,BETTY ENGELSTAD SIOUX CENTER,1 RALPH ENGELSTAD DRIVE,GRANK FORKS,ND,58203
743,KNOTT ARENA,16300 OLD EMMITSBURG ROAD,EMMITSBURG,MD,21727
744,MEMORIAL STADIUM (KANSAS),1017 WEST 11TH STREET,LAWRENCE,KS,66044
745,KEYARENA,305 HARRISON STREET,SEATTLE,WA,98109
746,CHILES CENTER,5000 N WILLAMETTE BLVD,PORTLAND,OR,97203
747,BILL SYNDER FAMILY FOOTBALL STADIUM,1800 COLLEGE AVENUE,MANHATTAN,KS,66502
748,ICARDO CENTER,ROADRUNNER DRIVE,BAKERSFIELD,CA,93301
749,FIRESTONE FIELDHOUSE,24225 PACIFIC COAST HWY,MALIBU,CA,90263
750,PAPA JOHN'S CARDINAL STADIUM,2800 SOUTH FLOYD STREET,LOUISVILLE,KY,40209
751,STROH CENTER,1535 WOOSTER STREET,BOWLING GREEN,OH,43042
752,JENNY CRAIG PAVILION,5998 ALCALA PARK WAY,SAN DIEGO,CA,92110
753,COMMONWEALTH STADIUM,UK COLLEGE WAY AND SPORTS CENTER DRIVE,LEXINGTON,KY,40506
754,MCDOUGALD-MCLENDON GYMNASIUM,1801 FAYETTEVILLE STREET,DURHAM,NC,27707
755,LEAVEY CENTER,500 EL CAMINO REAL,SANTA CLARA,CA,95053
756,TIGER STADIUM,WEST STADIUM ROAD,BATON ROUGE,LA,70802
757,PHYSICAL EDUCATION COMPLEX,2523 GWYNNS FALLS PARKWAY,BALTIMORE,MD,21212
758,CHACE ATHLETIC CENTER,1150 DOUGLAS PIKE,SMITHFIELD,RI,2917
759,CAJUN FIELD,201 REINHARDT DRIVE,LAFAYETTE,LA,70506
760,VADALABENE CENTER,NORTH CIRCLE DRIVE AND NORTHWEST ROAD,EDWARDSVILLE,IL,62026
761,AUBURN ARENA,HEISMAN DRIVE AND CONNECTOR,AUBURN,AL,36849
762,MALONE STADIUM,WARHAWK WAY AND NORTHEAST DRIVE,MONROE,LA,71203
763,TD ARENA,MEETING STREET AND BURNS LANE,CHARLESTON,SC,29401
764,JOE AILLET STADIUM,STADIUM BOULEVARD,RUSTON,LA,71272
765,DAKOTADOME,TAYLOR STREET,VERMILLION,SD,57069
766,ALUMNI STADIUM,CAMPANELLA WAY,CHESTNUT HILL,MA,2467
767,FREDRICK C. HOBDY ASSEMBLY CENTER,1234 GRAMBLING ROAD,GRAMBLING,LA,71245
768,BYRD STADIUM,STADIUM DRIVE AND VALLEY DRIVE,COLLEGE PARK,MD,20742
769,LADD-PEEBLES STADIUM,1621 VIRGINIA STREET,MOBILE,AL,36604
770,NAVY-MARINE CORPS MEMORIAL STADIUM,304 FARRAGUT ROAD,ANNAPOLIS,MD,21401
771,WARREN MCGUIRK ALUMNI STADIUM,300 STADIUM DRIVE,HADLEY,MA,1003
772,MICHIGAN STADIUM,1201 SOUTH MAIN STREET,ANN ARBOR,MI,48104
773,JIM WACKER FIELD AT BOBCAT STADIUM,1100 AQUARENA SPRINGS DRIVE,SAN MARCOS,TX,78666
774,SPARTAN STADIUM (MICHIGAN),STADIUM ROAD AND RED CEDAR ROAD,EAST LANSING,MI,48824
775,ALAMODOME,100 MONTANA STREET,SAN ANTONIO,TX,78203
776,KELLY/SHORTS STADIUM,WEST CAMPUS DRIVE AND UNIVERSITY PARK DRIVE,MOUNT PLEASANT,MI,48858
777,KIDD BREWER STADIUM,270 STADIUM DRIVE,BOONE,NC,28607
778,RYNEARSON STADIUM,184 WESTVIEW STREET,YPSILANTI,MI,48197
779,WALDO STADIUM,PRESS LANE,KALAMAZOO,MI,49008
780,FAUROT FIELD AT MEMORIAL STADIUM,STADIUM BOULEVARD AND MICK DEAVER MEMORIAL D,COLUMBIA,MO,65201
781,M.M. ROBERTS STADIUM,118 COLLEGE DRIVE,HATTIESBURG,MS,39406
782,DAVIS WADE STADIUM,BARR ROAD AND MOORE ROAD,STARKVILLE,MS,39759
783,VAUGHT-HEMINGWAY STADIUM,FRATERNITY ROW AND HILL DRIVE,OXFORD,MS,38677
784,CARTER-FINLEY STADIUM,4600 TRINITY ROAD,RALEIGH,NC,27607