FID,VENUEID,NAME,ADDRESS,CITY,STATE,ZIP,TYPE,STATUS,COUNTY,COUNTYFIPS,COUNTRY
1,262,GOLF CLUB OF HOUSTON,5860 WILSON ROAD,HUMBLE,TX,77396,SINGLE USE,OPEN,HARRIS,48201,USA
2,263,CHERRY HILLS COUNTRY CLUB,4125 SOUTH UNIVERSITY BOULEVARD,ENGLEWOOD,CO,80113,SINGLE USE,OPEN,ARAPAHOE,8005,USA
3,264,COLONIAL COUNTRY CLUB,3735 COUNTRY CLUB CIRCLE,FORT WORTH,TX,76109,SINGLE USE,OPEN,TARRANT,48439,USA
4,265,TOURNAMENT PLAYERS CLUB AT FOUR SEASONS RESORT LAS COLINAS,4150 NORTH MACARTHUR BOULEVARD,IRVING,TX,75038,SINGLE USE,OPEN,DALLAS,48113,USA
5,266,TOURNAMENT PLAYERS CLUB SOUTHWIND,3325 CLUB AT SOUTHWIND,MEMPHIS,TN,38125,SINGLE USE,OPEN,SHELBY,47157,USA
6,267,TOURNAMENT PLAYERS CLUB AT DEERE RUN,3100 HEATHER KNOLL,SILVIS,IL,61282,SINGLE USE,OPEN,ROCK ISLAND,17161,USA
7,268,MUIRFIELD VILLAGE GOLF CLUB,5750 MEMORIAL DRIVE,DUBLIN,OH,43017,SINGLE USE,OPEN,FRANKLIN,39049,USA
8,269,VALHALLA GOLF CLUB,15503 SHELBYVILLE ROAD,LOUISVILLE,KY,40243,SINGLE USE,OPEN,JEFFERSON,21111,USA
9,270,FIRESTONE COUNTRY CLUB,452 E WARNER RD,AKRON,OH,44319,SINGLE USE,OPEN,SUMMIT,39153,USA
10,271,GREENBRIAR GOLF CLUB,300 WEST MAIN STREET,WHITE SULPHUR SPRINGS,WV,24986,SINGLE USE,OPEN,GREENBRIER,54025,USA
11,272,QUAIL HOLLOW COUNTRY CLUB,3700 GLEN EAGLES ROAD,CHARLOTTE,NC,28210,SINGLE USE,OPEN,MECKLENBURG,37119,USA
12,273,SEDGEFIELD COUNTRY CLUB,3201 FORSYTH DRIVE,GREENSBORO,NC,27407,SINGLE USE,OPEN,GUILFORD,37081,USA
13,274,PINEHURST RESORT,1 CAROLINA VISTA DRIVE,PINEHURST,NC,28374,SINGLE USE,OPEN,MOORE,37125,USA
14,275,TOURNAMENT PLAYERS CLUB SAWGRASS,110 CHAMPIONSHIP WAY,PONTE VEDRA BEACH,FL,32082,SINGLE USE,OPEN,ST. JOHNS,12109,USA
15,276,EAST LAKE GOLF CLUB,2575 ALSTON DRIVE SOUTHEAST,ATLANTA,GA,30317,SINGLE USE,OPEN,DEKALB,13089,USA
16,277,AUGUSTA NATIONAL GOLF COURSE,807 EISENHOWER DRIVE,AUGUSTA,GA,30904,SINGLE USE,OPEN,RICHMOND,13245,USA
17,278,SEA ISLAND GOLF CLUB,100 RETREAT ROAD,ST SIMONS ISLAND,GA,31522,SINGLE USE,OPEN,GLYNN,13127,USA
18,279,SEA PINES HARBOUR TOWN GOLF LINKS,11 LIGHTHOUSE LANE,HILTON HEAD ISLAND,SC,29928,SINGLE USE,OPEN,BEAUFORT,45013,USA
19,1183,FOREMAN FIELD AT S. B. BALLARD STADIUM,5115 HAMPTON BOULEVARD,NORFOLK,VA,23529,SINGLE USE,OPEN,NORFOLK,51710,USA
20,280,TOURNAMENT PLAYERS CLUB OF LOUISIANA,11001 LAPALCO BOULEVARD,AVONDALE,LA,70094,SINGLE USE,OPEN,JEFFERSON,22051,USA
21,1184,PAULSON STADIUM,207 LANIER DRIVE,STATESBORO,GA,30458,SINGLE USE,OPEN,BULLOCH,13031,USA
22,281,BAY HILL CLUB & LODGE,9000 BAY HILL BOULEVARD,ORLANDO,FL,32819,SINGLE USE,OPEN,ORANGE,12095,USA
23,1185,JERRY RICHARDSON STADIUM,MAC EVERETT WAY N,CHARLOTTE,NC,28262,SINGLE USE,OPEN,MECKLENBURG,37119,USA
24,282,INNISBROOK NORTH & SOUTH COURSES,36750 US HIGHWAY 19 N,PALM HARBOR,FL,34683,SINGLE USE,OPEN,PINELLAS,12103,USA
26,283,PGA NATIONAL GOLF CLUB,400 AVE OF THE CHAMPIONS,PALM BEACH GARDENS,FL,33418,SINGLE USE,OPEN,PALM BEACH,12099,USA
27,1187,ORLANDO CITRUS BOWL,1 CITRUS BOWL PLACE,ORLANDO,FL,32801,SINGLE USE,OPEN,ORANGE,12095,USA
28,284,TRUMP NATIONAL DORAL GOLF CLUB,4400 NORTHWEST 87TH AVENUE,DORAL,FL,33178,SINGLE USE,OPEN,MIAMI-DADE,12086,USA
30,285,MAYA KOBA,PLAYA DEL CARMEN KM. 298,PLAYA DEL CARMEN,QR,77760,SINGLE USE,OPEN,SOLIDARIDAD,23008,MEX
31,1189,DELTA DOWNS,2717 DELTA DOWNS DRIVE,VINTON,LA,70668,SINGLE USE,OPEN,CALCASIEU,22019,USA
33,1190,TAMPA BAY DOWNS,11225 RACE TRACK ROAD,TAMPA,FL,33626,SINGLE USE,OPEN,HILLSBOROUGH,12057,USA
34,287,CONGRESSIONAL COUNTRY CLUB,8500 RIVER ROAD,BETHESDA,MD,20817,SINGLE USE,OPEN,MONTGOMERY,24031,USA
35,288,RIDGEWOOD COUNTRY CLUB,96 W MIDLAND AVE,PARAMUS,NJ,7652,SINGLE USE,OPEN,BERGEN,34003,USA
36,1191,SUNLAND PARK,1200 FUTURITY DRIVE,SUNLAND PARK,NM,88063,SINGLE USE,OPEN,DO‹A ANA,35013,USA
37,289,TOURNAMENT PLAYERS CLUB OF BOSTON,400 ARNOLD PALMER BOULEVARD,NORTON,MA,2766,SINGLE USE,OPEN,BRISTOL,25005,USA
38,1192,TURFWAY PARK,7500 TURFWAY ROAD,FLORENCE,KY,41042,SINGLE USE,OPEN,BOONE,21015,USA
39,290,TOURNAMENT PLAYERS CLUB AT RIVER HIGHLANDS,1 GOLF CLUB ROAD,CROMWELL,CT,6416,SINGLE USE,OPEN,MIDDLESEX,9007,USA
40,1193,LOS ALAMITOS,KATELLA AVENUE,CYPRESS,CA,90720,SINGLE USE,OPEN,ORANGE,6059,USA
41,291,DAYTONA INTERNATIONAL SPEEDWAY,1801 WEST INTERNATIONAL SPEEDWAY,DAYTONA BEACH,FL,32114,SINGLE USE,OPEN,VOLUSIA,12127,USA
42,1194,BARCLAYS CENTER,620 ATLANTIC AVENUE,BROOKLYN,NY,11217,MULTIUSE,OPEN,KINGS,36047,USA
43,378,AUTO CLUB SPEEDWAY,9300 CHERRY AVENUE,FONTANA,CA,92335,MULTIUSE,OPEN,SAN BERNARDINO,6071,USA
44,1195,LAKEFRONT ARENA,6801 FRANKLIN AVENUE,NEW ORLEANS,LA,70122,SINGLE USE,OPEN,ORLEANS,22071,USA
45,390,LAS VEGAS MOTOR SPEEDWAY,7000 LAS VEGAS BOULEVARD NORTH,LAS VEGAS,NV,89115,SINGLE USE,OPEN,CLARK,32003,USA
46,1196,MOODY COLISEUM (ACU),1600 CAMPUS COURT,ABILENE,TX,79601,SINGLE USE,OPEN,TAYLOR,48441,USA
47,294,ATLANTA MOTOR SPEEDWAY,1500 TARA PLACE,HAMPTON,GA,30228,SINGLE USE,OPEN,HENRY,19087,USA
48,1197,GCU ARENA,3300 WEST CAMELBACK ROAD,PHOENIX,AZ,85017,SINGLE USE,OPEN,MARICOPA,4013,USA
49,295,BRISTOL MOTOR SPEEDWAY,151 SPEEDWAY BOULEVARD,BRISTOL,TN,37620,SINGLE USE,OPEN,SULLIVAN,29211,USA
50,1198,MCDERMOTT CENTER,4300 BROADWAY,SAN ANTONIO,TX,78209,SINGLE USE,OPEN,BEXAR,48029,USA
51,296,MARTINSVILLE SPEEDWAY,340 SPEEDWAY ROAD,RIDGEWAY,VA,24148,SINGLE USE,OPEN,HENRY,19087,USA
52,1199,COSTELLO ATHLETIC CENTER,VFW HIGHWAY,LOWELL,MA,1854,SINGLE USE,OPEN,MIDDLESEX,25017,USA
53,406,TEXAS MOTOR SPEEDWAY,3545 LONE STAR CIRCLE,FORT WORTH,TX,76177,MULTIUSE,OPEN,DENTON,48121,USA
54,1200,BAXTER ARENA,6413 CASTELAR ST,OMAHA,NE,68106,SINGLE USE,OPEN,DOUGLAS,31055,USA
55,398,PHOENIX INTERNATIONAL RACEWAY,7602 SOUTH AVONDALE BLVD,PHOENIX,AZ,85323,MULTIUSE,OPEN,MARICOPA,4013,USA
56,1201,THE BANK OF KENTUCKY CENTER,500 NUNN DRIVE,HIGHLAND HEIGHTS,KY,41099,SINGLE USE,OPEN,CAMPBELL,21037,USA
57,299,TALLADEGA SUPERSPEEDWAY,3366 SPEEDWAY BOULEVARD,TALLADEGA,AL,35160,SINGLE USE,OPEN,TALLADEGA,1121,USA
58,1202,BBVA COMPASS STADIUM,2200 TEXAS AVENUE,HOUSTON,TX,77003,SINGLE USE,OPEN,HARRIS,48201,USA
59,402,RICHMOND INTERNATIONAL RACEWAY,600 EAST LABURNUM AVENUE,RICHMOND,VA,23222,SINGLE USE,OPEN,HENRICO,51087,USA
60,176,MCLANE STADIUM,SOUTH MARTIN LUTHER KING JR BLVD,WACO,TX,76704,SINGLE USE,OPEN,MCLENNAN,48309,USA
61,301,DARLINGTON RACEWAY,1301 HARRY BYRD HIGHWAY,DARLINGTON,SC,29532,SINGLE USE,OPEN,DARLINGTON,45031,USA
62,1203,YULMAN STADIUM,BEN WEINER DRIVE,NEW ORLEANS,LA,70118,SINGLE USE,OPEN,ORLEANS,22071,USA
63,302,CHARLOTTE MOTOR SPEEDWAY,5555 CONCORD PARKWAY SOUTH,CONCORD,NC,28027,SINGLE USE,OPEN,CABARRUS,37025,USA
64,403,TDECU STADIUM,3874 HOLMAN STREET,HOUSTON,TX,77004,SINGLE USE,OPEN,HARRIS,48201,USA
65,303,DOVER INTERNATIONAL SPEEDWAY,1131 NORTH DUPONT HIGHWAY,DOVER,DE,19901,SINGLE USE,OPEN,KENT,48263,USA
66,1204,SILVERADO RESORT AND SPA,1600 ATLAS PEAK ROAD,NAPA,CA,94558,SINGLE USE,OPEN,NAPA,6055,USA
67,304,POCONO RACEWAY,500 LONG POND ROAD,LONG POND,PA,18334,MULTIUSE,OPEN,MONROE,55081,USA
68,1205,COUNTRY CLUB OF JACKSON,345 SAINT ANDREWS DRIVE,JACKSON,MS,39211,SINGLE USE,OPEN,HINDS,28049,USA
69,393,MICHIGAN INTERNATIONAL SPEEDWAY,12626 U.S. HIGHWAY 12,BROOKLYN,MI,49230,SINGLE USE,OPEN,LENAWEE,26091,USA
70,1206,TOURNAMENT PLAYERS CLUB HARDING PARK,99 HARDING ROAD,SAN FRANCISCO,CA,94132,SINGLE USE,OPEN,SAN FRANCISCO,6075,USA
71,386,SONOMA RACEWAY,29355 ARNOLD DRIVE,SONOMA,CA,94954,MULTIUSE,OPEN,SONOMA,6097,USA
72,1207,CHAMBERS BAY,6320 GRANDVIEW DRIVE WEST,UNIVERSITY PLACE,WA,98467,SINGLE USE,OPEN,PIERCE,53053,USA
73,369,CHICAGOLAND SPEEDWAY,500 SPEEDWAY BOULEVARD,JOLIET,IL,60433,SINGLE USE,OPEN,WILL,17197,USA
74,1208,ROBERT TRENT JONES GOLF TRAIL,3000 ROBERT TRENT JONES TRAIL,OPELIKA,AL,36801,SINGLE USE,OPEN,LEE,1081,USA
75,395,NEW HAMPSHIRE MOTOR SPEEDWAY,1122 ROUTE 106 NORTH,LOUDON,NH,3307,SINGLE USE,OPEN,MERRIMACK,33013,USA
77,385,INDIANAPOLIS MOTOR SPEEDWAY,4790 WEST 16TH STREET,INDIANAPOLIS,IN,46222,MULTIUSE,OPEN,MARION,41047,USA
78,1210,ROBERT TRENT JONES GOLF COURSE,1 TURTLE POINT DRIVE,GAINESVILLE,VA,20155,SINGLE USE,OPEN,PRINCE WILLIAM,51153,USA
79,408,WATKINS GLEN INTERNATIONAL,2790 COUNTY ROUTE 16,WATKINS GLEN,NY,14891,SINGLE USE,OPEN,SCHUYLER,29197,USA
80,1211,WHISTLING STRAITS,N8501 COUNTY ROAD LS,KOHLER,WI,53083,SINGLE USE,OPEN,SHEBOYGAN,55117,USA
81,1212,PLAINFIELD COUNTRY CLUB,1591 WOODLAND AVENUE,PLAINFIELD,NJ,8820,SINGLE USE,OPEN,MIDDLESEX,34023,USA
82,377,KANSAS SPEEDWAY,400 SPEEDWAY BOULEVARD,KANSAS CITY,KS,66111,SINGLE USE,OPEN,WYANDOTTE,20209,USA
83,1213,CONWAY FARMS,425 CONWAY FARMS DRIVE,CHICAGO,IL,60045,SINGLE USE,OPEN,LAKE,17097,USA
84,384,HOMESTEAD-MIAMI SPEEDWAY,1 SPEEDWAY BOULEVARD,HOMESTEAD,FL,33035,SINGLE USE,OPEN,MIAMI-DADE,12086,USA
85,78,LEVI'S STADIUM,4900 MARIE P. DEBARTOLO WAY,SANTA CLARA,CA,95054,SINGLE USE,OPEN,SANTA CLARA,6085,USA
86,388,KENTUCKY SPEEDWAY,1 SPEEDWAY DRIVE,SPARTA,KY,41086,SINGLE USE,OPEN,GALLATIN,30031,USA
87,1214,NOLA MOTORSPORTS PARK,11075 NICOLLE BLVD,AVONDALE,LA,70094,SINGLE USE,OPEN,JEFFERSON,22051,USA
88,387,IOWA SPEEDWAY,3333 RUSTY WALLACE DRIVE,NEWTON,IA,50208,MULTIUSE,OPEN,JASPER,19099,USA
89,1215,ISLEWORTH GOLF & COUNTRY CLUB,6100 DEACON DRIVE,WINDERMERE,FL,34786,SINGLE USE,OPEN,ORANGE,12095,USA
90,318,ROAD AMERICA,N7390 HIGHWAY 67,PLYMOUTH,WI,53073,MULTIUSE,OPEN,SHEBOYGAN,55117,USA
91,1216,TIBURON GOLF CLUB,2620 TIBURON DRIVE,NAPLES,FL,34109,SINGLE USE,OPEN,COLLIER,12021,USA
92,329,MOHEGAN SUN ARENA,1 MOHEGAN SUN BOULEVARD,UNCASVILLE,CT,6382,SINGLE USE,OPEN,NEW LONDON,9011,USA
93,1217,RHODE ISLAND COUNTRY CLUB,150 NAYATT ROAD,BARRINGTON,RI,2806,SINGLE USE,OPEN,BRISTOL,44001,USA
95,1218,CANTERBURY PARK,1100 CANTERBURY ROAD,SHAKOPEE,MN,55379,SINGLE USE,OPEN,SCOTT,27139,USA
96,341,HONDA CENTER,2695 EAST KATELLA AVENUE,ANAHEIM,CA,92806,SINGLE USE,OPEN,ORANGE,48361,USA
97,1219,FINGER LAKES,5857 STATE ROUTE 96,FARMINGTON,NY,14425,SINGLE USE,OPEN,ONTARIO,36069,USA
98,342,SAP CENTER AT SAN JOSE,525 WEST SANTA CLARA STREET,SAN JOSE,CA,95113,SINGLE USE,OPEN,SANTA CLARA,6085,USA
99,1220,KENTUCKY DOWNS,5629 NASHVILLE ROAD,FRANKLIN,KY,42134,SINGLE USE,OPEN,SIMPSON,21213,USA
100,343,JOE LOUIS ARENA,600 CIVIC CENTER DRIVE,DETROIT,MI,48226,SINGLE USE,OPEN,WAYNE,49055,USA
101,1221,SUFFOLK DOWNS,525 WILLIAM F MCCLELLAN HIGHWAY,BOSTON,MA,2128,SINGLE USE,OPEN,SUFFOLK,25025,USA
102,344,FIRST NIAGARA CENTER,1 SEYMOUR H. KNOX III PLAZA,BUFFALO,NY,14203,SINGLE USE,OPEN,ERIE,39043,USA
103,1222,INDIANA GRAND RACE COURSE,4300 NORTH MICHIGAN ROAD,SHELBYVILLE,IN,46176,SINGLE USE,OPEN,SHELBY,18145,USA
104,347,NATIONWIDE ARENA,200 WEST NATIONWIDE BOULEVARD,COLUMBUS,OH,43215,SINGLE USE,OPEN,FRANKLIN,53021,USA
105,37,HIALEAH PARK RACE TRACK,2200 EAST 4TH AVENUE,HIALEAH,FL,33010,SINGLE USE,OPEN,MIAMI-DADE,12086,USA
106,348,BB&T CENTER,2555 NW 136TH AVE,SUNRISE,FL,33323,SINGLE USE,OPEN,BROWARD,12011,USA
107,36,FAIRMOUNT PARK RACETRACK,9301 COLLINSVILLE ROAD,COLLINSVILLE,IL,62234,SINGLE USE,OPEN,MADISON,17119,USA
108,349,AMALIE ARENA,401 CHANNELSIDE DRIVE,TAMPA,FL,33602,SINGLE USE,OPEN,HILLSBOROUGH,12057,USA
109,1223,BROOKS STADIUM,540 UNIVERSITY BLVD.,CONWAY,SC,29526,SINGLE USE,OPEN,HORRY,45051,USA
110,350,XCEL ENERGY CENTER,199 KELLOGG BOULEVARD WEST,SAINT PAUL,MN,55102,SINGLE USE,OPEN,RAMSEY,38071,USA
111,1224,U.S. BANK STADIUM,900 S 5TH ST.,MINNEAPOLIS,MN,55415,SINGLE USE,OPEN,HENNEPIN,27053,USA
112,351,SCOTTRADE CENTER,1401 CLARK AVENUE,SAINT LOUIS,MO,63103,SINGLE USE,OPEN,SAINT LOUIS,29510,USA
113,1225,CARNESECCA ARENA,8000 UTOPIA PKWY,JAMAICA,NY,11439,SINGLE USE,OPEN,QUEENS,36081,USA
114,353,BRIDGESTONE ARENA,501 BROADWAY,NASHVILLE,TN,37203,SINGLE USE,OPEN,DAVIDSON,47037,USA
115,1226,GRAND PRIX OF BOSTON,FARGO STREET,BOSTON,MA,2210,SINGLE USE,OPEN,SUFFOLK,25025,USA
116,354,GILA RIVER ARENA,9400 WEST MARYLAND AVENUE,GLENDALE,AZ,85305,SINGLE USE,OPEN,MARICOPA,4013,USA
117,1227,AUSTIN COUNTRY CLUB,4408 LONG CHAMP DR,AUSTIN,TX,78746,SINGLE USE,OPEN,TRAVIS,48453,USA
119,1228,OAKMONT COUNTRY CLUB,1233 HULTON RD,OAKMONT,PA,15139,SINGLE USE,OPEN,ALLEGHENY,42003,USA
120,1229,BALTUSROL GOLF CLUB,201 SHUNPIKE RD,SPRINGFIELD,NJ,7081,SINGLE USE,OPEN,UNION,34039,USA
121,1230,THE BARCLAYS,99 QUAKER MEETING HOUSE RD,FARMINGDALE,NY,11735,SINGLE USE,OPEN,NASSAU,36059,USA
122,1231,CROOKED STICK GOLF COURSE,1964 BURNING TREE LN,CARMEL,IN,46032,SINGLE USE,OPEN,HAMILTON,18057,USA
123,1232,HAZELTINE NATIONAL GOLF CLUB,1900 HAZELTINE BLVD,CHASKA,MN,55318,SINGLE USE,OPEN,CARVER,27019,USA
124,1233,COCA-COLA FIELD,275 WASHINGTON ST,BUFFALO,NY,14203,SINGLE USE,OPEN,ERIE,36029,USA
125,1234,BB&T BALLPARK,324 S MINT ST,CHARLOTTE,NC,28202,SINGLE USE,OPEN,MECKLENBURG,37119,USA
126,1235,HUNTINGTON PARK,330 HUNTINGTON PARK LN,COLUMBUS,OH,43215,SINGLE USE,OPEN,FRANKLIN,39049,USA
127,1236,DURHAM BULLS ATHLETIC PARK,409 BLACKWELL ST,DURHAM,NC,27701,SINGLE USE,OPEN,DURHAM,37063,USA
128,1237,COOLRAY FIELD,2500 BUFORD DR NE,LAWRENCEVILLE,GA,30043,SINGLE USE,OPEN,GWINNETT,13135,USA
129,1238,VICTORY FIELD,501 W MARYLAND ST,INDIANAPOLIS,IN,46225,SINGLE USE,OPEN,MARION,18097,USA
130,1239,COCA-COLA PARK,1050 IRONPIGS WAY,ALLENTOWN,PA,18109,SINGLE USE,OPEN,LEHIGH,42077,USA
131,1240,LOUISVILLE SLUGGER FIELD,401 E MAIN ST,LOUISVILLE,KY,40202,SINGLE USE,OPEN,JEFFERSON,21111,USA
132,1241,HARBOR PARK,150 PARK AVE,NORFOLK,VA,23510,SINGLE USE,OPEN,NORFOLK,51710,USA
133,1242,MCCOY STADIUM,1 COLUMBUS AVE,PAWTUCKET,RI,2860,SINGLE USE,OPEN,PROVIDENCE,44007,USA
134,1243,FRONTIER FIELD,333 PLYMOUTH AVE N,ROCHESTER,NY,14608,SINGLE USE,OPEN,MONROE,36055,USA
135,1244,PNC FIELD,235 MONTAGE MOUNTAIN RD,MOOSIC,PA,18507,SINGLE USE,OPEN,LACKAWANNA,42069,USA
136,1245,NBT BANK STADIUM,1 TEX SIMONE DR,SYRACUSE,NY,13208,SINGLE USE,OPEN,ONONDAGA,36067,USA
137,955,FLEISHER CENTER,80 LOCK STREET,NEWAK,NJ,7103,SINGLE USE,OPEN,ESSEX,25009,USA
138,957,DUNKIN' DONUTS CENTER,1 LA SALLE SQUARE,PROVIDENCE,RI,2903,SINGLE USE,OPEN,PROVIDENCE,44007,USA
139,958,JOYCE CENTER,ANGELA BOULEVARD AND MOOSE KRAUSE CIRCLE,NOTRE DAME,IN,46637,SINGLE USE,OPEN,SAINT JOSEPH,18141,USA
140,959,FIFTH THIRD ARENA AT SHOEMAKER CENTER,2700 O'VARSITY WAY,CINCINNATI,OH,45221,SINGLE USE,OPEN,HAMILTON,20075,USA
141,960,KFC YUM! CENTER,1 ARENA PLAZA,LOUISVILLE,KY,40202,SINGLE USE,OPEN,JEFFERSON,22051,USA
142,961,GAMPEL PAVILION,2095 HILLSIDE ROAD,STORRS,CT,6269,SINGLE USE,OPEN,TOLLAND,9013,USA
143,962,XL CENTER,1 CIVIC CENTER PLAZA,HARTFORD,CT,6103,SINGLE USE,OPEN,HARTFORD,9003,USA
144,963,BRICK BREEDEN FIELDHOUSE,1 BOBCAT CIRCLE,BOZEMAN,MT,59715,SINGLE USE,OPEN,GALLATIN,30031,USA
145,964,BANK OF COLORADO ARENA,14TH AVENUE AND 21ST STREET,GREELY,CO,80631,SINGLE USE,OPEN,WELD,8123,USA
146,965,DAHLBERG ARENA,32 CAMPUS DRIVE,MISSOULA,MT,59801,SINGLE USE,OPEN,MISSOULA,30063,USA
147,141,BB&T FIELD,411 DEACON BOULEVARD,WINSTON-SALEM,NC,27105,SINGLE USE,OPEN,FORSYTH,13117,USA
148,966,DEE EVENTS CENTER,4400 HARRISON BOULEVARD,OGDEN,UT,84408,SINGLE USE,OPEN,WEBER,49057,USA
149,142,KENAN MEMORIAL STADIUM,78 STADIUM DRIVE,CHAPEL HILL,NC,27514,SINGLE USE,OPEN,ORANGE,48361,USA
150,967,COLBERG COURT,MORAGA WAY AND STATE UNIVERSITY DRIVE,SACRAMENTO,CA,95819,SINGLE USE,OPEN,SACRAMENTO,6067,USA
151,143,WALLACE WADE STADIUM,FRANK BASSET DRIVE,DURHAM,NC,27706,SINGLE USE,OPEN,DURHAM,37063,USA
152,968,WALKUP SKYDOME,EAST MCCONNELL DRIVE AND SAN FRANCISCO STREET,FLAGSTAFF,AZ,86001,SINGLE USE,OPEN,COCONINO,4005,USA
153,969,CAMERON HALL,302 CAMERON HALL,LEXINGTON,VA,24450,SINGLE USE,OPEN,LEXINGTON,51678,USA
154,144,DOWDY-FINKLEN STADIUM,WEST BERKLEY ROAD AND BLACKBEARD'S ALLEY,GREENVILLE,NC,27858,SINGLE USE,OPEN,PITT,37147,USA
155,145,MEMORIAL STADIUM (NEBRASKA),600 STADIUM DRIVE,LINCOLN,NE,68508,SINGLE USE,OPEN,LANCASTER,31109,USA
156,970,CSU FIELDHOUSE,UNIVERSITY BOULEVARD,CHARLESTON,SC,29401,SINGLE USE,OPEN,CHARLESTON,45019,USA
157,971,KIMBEL ARENA,132 CHANTICLEER DR E,CONWAY,SC,29528,SINGLE USE,OPEN,HORRY,45051,USA
158,146,HIGH POINT SOLUTIONS STADIUM,1 SCARLET KNIGHT WAY,HIGHLAND PARK,NJ,8854,SINGLE USE,OPEN,MIDDLESEX,25017,USA
159,147,UNIVERSITY STADIUM,1300 UNIVERSITY BOULEVARD SE,ALBUQUERQUE,NM,87131,SINGLE USE,OPEN,BERNALILLO,35001,USA
160,972,CARVER-HAWKEYE ARENA,1 ELLIOTT DRIVE,IOWA CITY,IA,52242,SINGLE USE,OPEN,JOHNSON,56019,USA
161,973,CRISLER ARENA,333 EAST STADIUM BOULEVARD,ANN ARBOR,MI,48104,SINGLE USE,OPEN,WASHTENAW,26161,USA
162,148,AGGIE MEMORIAL STADIUM,STEWART STREET AND PAYNE STREET,LAS CRUCES,NM,88003,SINGLE USE,OPEN,DONA ANA,35013,USA
163,974,MACKEY ARENA,"1000 JOHN R. WOODEN DR,WEST",WEST LAFAYETTE,IN,47907,SINGLE USE,OPEN,TIPPECANOE,18157,USA
164,149,SAM BOYD STADIUM,7000 EAST RUSSELL ROAD,LAS VEGAS,NV,89122,SINGLE USE,OPEN,CLARK,32003,USA
165,975,JACK BRESLIN STUDENT EVENT CENTER,ONE BIRCH ROAD,EAST LANSING,MI,48823,SINGLE USE,OPEN,INGHAM,26065,USA
166,976,BRYCE JORDAN CENTER,127 BYCE JORDAN CENTER,STATE COLLEGE,PA,16802,SINGLE USE,OPEN,CENTRE,42027,USA
167,150,MACKAY STADIUM,EAST STADIUM WAY,RENO,NV,89512,SINGLE USE,OPEN,WASHOE,32031,USA
168,977,KOHL CENTER,601 WEST DAYTON STREET,MADISON,WI,53715,SINGLE USE,OPEN,DANE,55025,USA
169,379,CARRIER DOME,FORESTRY DRIVE AND CROUSE DRIVE,SYRACUSE,NY,13210,MULTIUSE,OPEN,ONONDAGA,36067,USA
170,152,MICHIE STADIUM,700 MILLS ROAD,WEST POINT,NY,10996,SINGLE USE,OPEN,ORANGE,48361,USA
171,978,BREN EVENTS CENTER,100 BREN EVENT CENTER DRIVE,IRVINE,CA,92612,SINGLE USE,OPEN,ORANGE,48361,USA
172,979,BOB CARPENTER SPORTS/CONVOCATION CENTER,210 S COLLEGE AVE,NEWARK,DE,19702,SINGLE USE,OPEN,NEW CASTLE,10003,USA
173,153,UB STADIUM,AUGSPURGER ROAD AND WEBSTER ENTRANCE,AMHERST,NY,14228,SINGLE USE,OPEN,ERIE,39043,USA
174,154,OHIO STADIUM,2054 CANNON DRIVE,COLUMBUS,OH,43210,SINGLE USE,OPEN,FRANKLIN,53021,USA
175,980,CONVOCATION CENTER (VIRGINIA),UNIVERSITY BOULEVARD AND CONVOCATION SERVICE DRIVE,HARRISONBURG,VA,22801,SINGLE USE,OPEN,HARRISONBURG,51660,USA
176,155,NIPPERT STADIUM,BEARCAT WAY,CINCINNATI,OH,45221,SINGLE USE,OPEN,HAMILTON,20075,USA
177,981,GSU SPORTS ARENA,125 DECATUR STREET SE,ATLANTA,GA,30303,SINGLE USE,OPEN,FULTON,17057,USA
178,982,DAVID S. MACK SPORTS AND EXHIBITION COMPLEX,245 HOFSTRA UNIVERSITY,HEMPSTEAD,NY,11549,SINGLE USE,OPEN,NASSAU,12089,USA
179,156,DIX STADIUM,2227 SUMMIT ROAD,KENT,OH,44240,SINGLE USE,OPEN,PORTAGE,55097,USA
180,157,DOYT PERRY STADIUM,STADIUM DRIVE,BOWLING GREEN,OH,43403,SINGLE USE,OPEN,WOOD,55141,USA
181,983,DASKALAKIS ATHLETIC CENTER,33RD STREET AND MARKET STREET,PHILADELPHIA,PA,19104,SINGLE USE,OPEN,PHILADELPHIA,42101,USA
182,158,FRED C. YAGER STADIUM,BONHAM ROAD AND SHADOW HILLS DRIVE,OXFORD,OH,45056,SINGLE USE,OPEN,BUTLER,19023,USA
183,984,KAPLAN ARENA,500 LANDRUM DRIVE,WILLIAMSBURG,VA,23185,SINGLE USE,OPEN,WILLIAMSBURG,51830,USA
184,159,GLASS BOWL,STADIUM DRIVE AND NORTH GLASS BOWL DRIVE,TOLEDO,OH,43606,SINGLE USE,OPEN,LUCAS,19117,USA
185,985,REED GREEN COLISEUM,112 COLISEUM DRIVE,HATTIESBURG,MS,39401,SINGLE USE,OPEN,FORREST,28035,USA
186,160,PENDEN STADIUM,SOUTH GREEN DRIVE AND RICHLAND AVENUE,ATHENS,OH,45701,SINGLE USE,OPEN,ATHENS,39009,USA
187,986,CAM HENDERSON CENTER,19TH STREET AND 3RD AVENUE,HUNTINGTON,WV,25703,SINGLE USE,OPEN,CABELL,54011,USA
188,161,BOONE PICKENS STADIUM,WEST HALL OF FAME AVENUE AND HESTER STREET,STILLWATER,OK,74078,SINGLE USE,OPEN,PAYNE,40119,USA
189,987,DON HASKINS CENTER,500 WEST UNIVERSITY AVENUE,EL PASO,TX,79902,SINGLE USE,OPEN,EL PASO,48141,USA
190,162,GAYLORD FAMILY-OKLAHOMA MEMORIAL STADIUM,SOUTH JENKINS AVENUE AND EAST BROOKS STREET,NORMAN,OK,73019,SINGLE USE,OPEN,CLEVELAND,40027,USA
191,381,FEDEX FORUM,191 BEALE STREET,MEMPHIS,TN,38103,MULTIUSE,OPEN,SHELBY,19165,USA
192,163,SKELLY FIELD AT H.A. CHAPMAN STADIUM,3131 EAST 11TH STREET,TULSA,OK,74104,SINGLE USE,OPEN,TULSA,40143,USA
193,989,DEVLIN FIELDHOUSE,MCALISTER AT FRERET STREET,NEW ORLEANS,LA,70118,SINGLE USE,OPEN,ORLEANS,22071,USA
194,990,BARTOW ARENA,617 13TH STREET SOUTH,BIRMINGHAM,AL,35233,SINGLE USE,OPEN,JEFFERSON,22051,USA
195,164,AUTZEN STADIUM,2727 LEO HARRIS PARKWAY,EUGENE,OR,97401,SINGLE USE,OPEN,LANE,41039,USA
196,991,HOFHEINZ PAVILION,3875 HOLMAN STREET,HOUSTON,TX,77004,SINGLE USE,OPEN,HARRIS,48201,USA
197,165,RESER STADIUM,2600 SW WESTERN BOULEVARD,CORVALLIS,OR,97331,SINGLE USE,OPEN,BENTON,53005,USA
198,992,BEEGHLY PHYSICAL EDUCATION CENTER,WEST SPRING STREET AND ELM STREET,YOUNGSTOWN,OH,44502,SINGLE USE,OPEN,MAHONING,39099,USA
199,166,BEAVER STADIUM,CURTIN ROAD AND PORTER ROAD,STATE COLLEGE,PA,16802,SINGLE USE,OPEN,CENTRE,42027,USA
200,993,CALIHAN HALL,4001 W. MCNICHOLS RD,DETROIT,MI,48221,SINGLE USE,OPEN,WAYNE,49055,USA
201,169,MEMORIAL STADIUM (SOUTH CAROLINA),WILLIAMSON DRIVE AND AVENUE OF CHAMPIONS,CLEMSON,SC,29634,SINGLE USE,OPEN,PICKENS,45077,USA
202,994,NUTTER CENTER,3640 COLONEL GLENN HIGHWAY,DAYTON,OH,45324,SINGLE USE,OPEN,GREEN,55045,USA
203,170,WILLIAMS BRICE STADIUM,1127 GEORGE ROGERS BOULEVARD,COLUMBIA,SC,29201,SINGLE USE,OPEN,RICHLAND,30083,USA
204,171,LIBERTY BOWL MEMORIAL STADIUM,335 SOUTH HOLLYWOOD STREET,MEMPHIS,TN,38104,SINGLE USE,OPEN,SHELBY,19165,USA
205,995,HINKLE FIELDHOUSE,510 WEST 49TH STREET,INDIANAPOLIS,IN,46208,SINGLE USE,OPEN,MARION,41047,USA
206,996,JOSEPH J. GENTILE CENTER,6525 NORTH SHERIDAN ROAD,CHICAGO,IL,60626,SINGLE USE,OPEN,COOK,27031,USA
207,172,NEYLAND STADIUM,TEE MARTIN DRIVE,KNOXVILLE,TN,37996,SINGLE USE,OPEN,KNOX,31107,USA
208,173,VANDERBILT STADIUM,JESS NEELY DRIVE AND NATCHEZ TRANCE,NASHVILLE,TN,37212,SINGLE USE,OPEN,DAVIDSON,47037,USA
209,997,BISON SPORTS ARENA,NORTH UNIVERSITY DRIVE AND 17TH AVENUE NORTH,FARGO,ND,58102,SINGLE USE,OPEN,CASS,27021,USA
210,174,"JOHNNY ""RED"" FLOYD STADIUM",FAULKINBERRY DRIVE AND NORMAL WAY,MURFREESBORO,TN,37132,SINGLE USE,OPEN,RUTHERFORD,37161,USA
211,998,FROST ARENA,16TH AVENUE AND 11TH STREET,BROOKINGS,SD,57006,SINGLE USE,OPEN,BROOKINGS,46011,USA
212,175,DARRELL K. ROYAL-TEXAS MEMORIAL STADIUM,405 EAST 23RD STREET,AUSTIN,TX,78712,SINGLE USE,OPEN,TRAVIS,48453,USA
213,999,WILLET HALL,REDFORD STREET AND SPRUCE STREET,FARMVILLE,VA,23901,SINGLE USE,OPEN,PRINCE EDWARD,51147,USA
214,177,JONES AT&T STADIUM,DRIVE OF CHAMPIONS AND BOSTON AVENUE,LUBBOCK,TX,79409,SINGLE USE,OPEN,LUBBOCK,48303,USA
215,1000,JONES CONVOCATION CENTER,9501 SOUTH KING DR,CHICAGO,IL,60628,SINGLE USE,OPEN,COOK,27031,USA
216,178,KYLE FIELD,JOE ROUTT BOULEVARD,COLLEGE STATION,TX,77843,SINGLE USE,OPEN,BRAZOS,48041,USA
217,1001,JADWIN GYMNASIUM,FITZRANDOLPH RD AND FACULTY RD,PRINCETON,NJ,8544,SINGLE USE,OPEN,MERCER,38057,USA
218,1002,LAVIETES PAVILION,NORTH HARVARD STREET AND SOLDIER FIELDS ROAD,CAMBRIDGE,MA,2134,SINGLE USE,OPEN,SUFFOLK,25025,USA
219,179,GERALD J. FORD STADIUM,5801 AIRLINE ROAD,DALLAS,TX,75205,SINGLE USE,OPEN,DALLAS,19049,USA
220,1003,LEEDE ARENA,SOUTH PARK STREET AND EAST WHEELOCK STREET,HANOVER,NH,3755,SINGLE USE,OPEN,GRAFTON,33009,USA
221,181,RICE STADIUM,STADIUM ROAD,HOUSTON,TX,77005,SINGLE USE,OPEN,HARRIS,48201,USA
222,1004,DRADDY GYMNASIUM,W 244TH ST,RIVERDALE,NY,10471,SINGLE USE,OPEN,BRONX,36005,USA
223,1005,REITZ ARENA,COLD SPRINGS LANE AND MILLERBROOK ROAD,BALTIMORE,MD,21212,SINGLE USE,OPEN,BALTIMORE,24510,USA
224,182,SUN BOWL STADIUM,SUN BOWL DRIVE,EL PASO,TX,79986,SINGLE USE,OPEN,EL PASO,48141,USA
225,183,AMON G. CARTER STADIUM,2724 HIGHVIEW TERRACE,FORT WORTH,TX,76129,SINGLE USE,OPEN,TARRANT,48439,USA
226,1006,DUNN CENTER,ROBB AVENUE AND MARION STREET,CLARKSVILLE,TN,37040,SINGLE USE,OPEN,MONTGOMERY,20125,USA
227,184,LAVELL EDWARDS STADIUM,1700 NORTH CANYON DRIVE,PROVO,UT,84604,SINGLE USE,OPEN,UTAH,49049,USA
228,1007,ELLIS JOHNSON ARENA,ELLIS T. JOHNSON ARENA,MOREHEAD,KY,40351,SINGLE USE,OPEN,ROWAN,37159,USA
229,1008,PETE HANNA CENTER,800 LAKESHORE DRIVE,BIRMINGHAM,AL,35229,SINGLE USE,OPEN,JEFFERSON,22051,USA
230,185,RICE-ECCLES STADIUM,451 SOUTH 1400 EAST,SALT LAKE CITY,UT,84102,SINGLE USE,OPEN,SALT LAKE,49035,USA
231,1009,GENTRY CENTER,3500 JOHN A. MERRITT BOULEVARD,NASHVILLE,TN,37209,SINGLE USE,OPEN,DAVIDSON,47037,USA
232,186,ROMNEY STADIUM,800 EAST 1000 NORTH,LOGAN,UT,84322,SINGLE USE,OPEN,CACHE,49005,USA
233,187,LANE STADIUM,265 SPRING ROAD,BLACKSBURG,VA,24060,SINGLE USE,OPEN,MONTGOMERY,20125,USA
234,1010,HOOPER EBLEN CENTER,WEST 12TH STREET AND NORTH WILLOW AVENUE,COOKSVILLE,TN,38501,SINGLE USE,OPEN,PUTNAM,29171,USA
235,188,SCOTT STADIUM,1815 STADIUM ROAD,CHARLOTTTESVILLE,VA,22903,SINGLE USE,OPEN,ALBEMARLE,51003,USA
236,1011,LANTZ ARENA,GRANT AVENUE AND FOURTH STREET,CHARLESTON,IL,61920,SINGLE USE,OPEN,COLES,17029,USA
237,189,HUSKY STADIUM,3800 MONTLAKE BOULEVARD NE,SEATTLE,WA,98105,SINGLE USE,OPEN,KING,53033,USA
238,1012,EDWIN W. PAULEY PAVILION,555 WESTWOOD PLAZA,LOS ANGELES,CA,90095,SINGLE USE,OPEN,LOS ANGELES,6037,USA
239,1013,BEASLEY COLISEUM,1775 NE STADIUM WAY,PULLMAN,WA,99163,SINGLE USE,OPEN,WHITMAN,53075,USA
240,190,MARTIN STADIUM,NE STADIUM WAY AND NE WILSON ROAD,PULLMAN,WA,99164,SINGLE USE,OPEN,WHITMAN,53075,USA
241,1014,GALEN CENTER,WEST JEFFERSON BOULEVARD AND SOUTH FIGUEROA STREET,LOS ANGELES,CA,90007,SINGLE USE,OPEN,LOS ANGELES,6037,USA
242,191,CAMP RANDALL STADIUM,1440 MONROE STREET,MADISON,WI,53711,SINGLE USE,OPEN,DANE,55025,USA
243,1015,GILL COLISEUM,660 SOUTHWEST 26TH STREET,CORVALLIS,OR,97331,SINGLE USE,OPEN,BENTON,53005,USA
244,192,MOUNTAINEER FIELD AT MILAN PUSKAR STADIUM,900 WILLOWDALE ROAD,MORGANTOWN,WV,26505,SINGLE USE,OPEN,MONONGALIA,54061,USA
245,1016,COTTERELL COURT,13 OAK DRIVE,HAMILTON,NY,13346,SINGLE USE,OPEN,MADISON,30057,USA
246,193,JOAN C. EDWARDS STADIUM,2001 3RD AVENUE,HUNTINGTON,WV,25755,SINGLE USE,OPEN,CABELL,54011,USA
247,194,WAR MEMORIAL STADIUM (WYOMING),NORTH 22ND STREET AND LAND STREET,LARAMIE,WY,82070,SINGLE USE,OPEN,ALBANY,56001,USA
248,1017,HART CENTER,1 COLLEGE STREET,WORCESTER,MA,1610,SINGLE USE,OPEN,WORCESTER,25027,USA
249,195,APOGEE STADIUM,1500 SOUTH BONNIE BRAE STREET,DENTON,TX,76207,SINGLE USE,OPEN,DENTON,48121,USA
250,1018,COLEMAN COLISEUM,323 PAUL W BRYANT DRIVE,TUSCALOOSA,AL,35487,SINGLE USE,OPEN,TUSCALOOSA,1125,USA
251,196,BRIGHT HOUSE NETWORKS STADIUM,4000 CENTRAL FLORIDA BOULEVARD,ORLANDO,FL,32816,SINGLE USE,OPEN,ORANGE,48361,USA
252,1019,COLONIAL LIFE ARENA,801 LINCOLN STREET,COLUMBIA,SC,29201,SINGLE USE,OPEN,RICHLAND,30083,USA
253,843,ISLAND FEDERAL CREDIT UNION ARENA,JOHN S. TOLL DRIVE,STONY BROOK,NY,11790,SINGLE USE,OPEN,SUFFOLK,25025,USA
254,1020,HUMPHREY COLISEUM,55 COLISEUM BOULEVARD,STARKSVILLE,MS,39762,SINGLE USE,OPEN,OKTIBBEHA,28105,USA
255,197,FAU STADIUM,SAINT LUCIE AVENUE,BOCA RATON,FL,33431,SINGLE USE,OPEN,PALM BEACH,12099,USA
256,1021,BELK ARENA,200 BAKER DRIVE,DAVIDSON,NC,28036,SINGLE USE,OPEN,MECKLENBURG,37119,USA
257,198,HOUCHENS INDUSTRIES-L.T. SMITH STADIUM,AVENUE OF CHAMPIONS,BOWLING GREEN,KY,42101,SINGLE USE,OPEN,WARREN,28149,USA
258,844,LUNDHOLM GYMNASIUM,MAIN STREET AND MAST ROAD,DURHAM,NH,3824,SINGLE USE,OPEN,STRAFFORD,33017,USA
259,199,TCF BANK STADIUM,SE UNIVERSITY AVENUE AND SE OAK STREET,MINNEAPOLIS,MN,55455,SINGLE USE,OPEN,HENNEPIN,27053,USA
260,1022,BENJAMIN JOHNSON ARENA,230 EVINS STREET,SPARTANBURG,SC,29303,SINGLE USE,OPEN,SPARTANBURG,45083,USA
261,845,PATRICK GYMNASIUM,DAVIS ROAD AND SPEAR STREET,BURLINGTON,VT,5405,SINGLE USE,OPEN,CHITTENDEN,50007,USA
262,1023,GREENSBORO COLISEUM,1921 WEST LEE STREET GREENSBORO,GREENSBORO,NC,27403,SINGLE USE,OPEN,GUILFORD,37081,USA
263,201,INFOCISION STADIUM/SUMMA FIELD,SOUTH UNION STREET AND VINE STREET,AKRON,OH,44304,SINGLE USE,OPEN,SUMMIT,49043,USA
264,202,CHILDREN'S MERCY PARK,1 SPORTING WAY,KANSAS CITY,KS,66111,SINGLE USE,OPEN,WYANDOTTE,20209,USA
265,203,RED BULL ARENA,600 CAPE MAY ST,HARRISON,NJ,7029,SINGLE USE,OPEN,HUDSON,34017,USA
266,846,SEFCU ARENA,1400 WASHINGTON AVENUE,ALBANY,NY,12206,SINGLE USE,OPEN,ALBANY,56001,USA
267,205,DICK'S SPORTING GOODS PARK,6000 VICTORY WAY,COMMERCE CITY,CO,80022,SINGLE USE,OPEN,ADAMS,53001,USA
268,847,RETRIEVER ACTIVITIES CENTER,ADMINISTRATION DRIVE,BALTIMORE,MD,21250,SINGLE USE,OPEN,BALTIMORE,24005,USA
269,206,TOYOTA PARK,7000 S HARLEM AVE,BRIDGEVIEW,IL,60455,SINGLE USE,OPEN,COOK,27031,USA
270,207,RFK MEMORIAL STADIUM,2400 EAST CAPITOL STREET SE,WASHINGTON,DC,20003,SINGLE USE,OPEN,DISTRICT OF COLUMBIA,11001,USA
271,848,CHASE ARENA AT REICH FAMILY PAVILION,200 BLOOMFIELD AVENUE,WEST HARTFORD,CT,6117,SINGLE USE,OPEN,HARTFORD,9003,USA
272,208,MAPFRE STADIUM,1 BLACK AND GOLD BOULEVARD,COLUMBUS,OH,43211,SINGLE USE,OPEN,FRANKLIN,53021,USA
273,209,TOYOTA STADIUM,6000 WEST MAIN STREET,FRISCO,TX,75034,SINGLE USE,OPEN,COLLIN,48085,USA
274,849,A.J. PALUMBO CENTER,1304 FORBES AVENUE,PITTSBURGH,PA,15282,SINGLE USE,OPEN,ALLEGHENY,42003,USA
275,850,HAGAN ARENA,2450 NORTH 54TH STREET,PHILADELPHIA,PA,19131,SINGLE USE,OPEN,PHILADELPHIA,42101,USA
276,210,STUBHUB CENTER,18400 AVALON BOULEVARD,CARSON,CA,90746,SINGLE USE,OPEN,LOS ANGELES,6037,USA
277,851,DALE F. HALTON ARENA,9201 UNIVERSITY BOULEVARD,CHARLOTTE,NC,28223,SINGLE USE,OPEN,MECKLENBURG,37119,USA
278,852,CHARLES E. SMITH ATHLETIC CENTER,600 22ND STREET NW,WASHINGTON,DC,20037,SINGLE USE,OPEN,DISTRICT OF COLUMBIA,11001,USA
279,211,RIO TINTO STADIUM,9256 SOUTH STATE,SANDY,UT,84070,SINGLE USE,OPEN,SALT LAKE,49035,USA
280,853,CINTAS CENTER,PACIFIC AVENUE,CINCINNATI,OH,45207,SINGLE USE,OPEN,HAMILTON,20075,USA
281,213,TALEN ENERGY STADIUM,1 STADIUM DRIVE,CHESTER,PA,19013,SINGLE USE,OPEN,DELAWARE,19055,USA
283,215,AVAYA STADIUM,1123 COLEMAN AVENUE,SAN JOSE,CA,95110,SINGLE USE,OPEN,SANTA CLARA,6085,USA
284,854,LIACOURAS CENTER,WEST MONTGOMERY AVENUE AND 15TH STREET,PHILADELPHIA,PA,19122,SINGLE USE,OPEN,PHILADELPHIA,42101,USA
285,855,REILLY CENTER,CORNELIUS WELCH DRIVE,SAINT BONAVENTER,NY,14478,SINGLE USE,OPEN,CATTARAUGUS,36009,USA
286,1070,PETERSEN EVENTS CENTER,3719 TERRACE STREET,PITTSBURGH,PA,15260,SINGLE USE,OPEN,ALLEGHENY,42003,USA
287,856,ROBINS CENTER,BOATWRIGHT DRIVE AND CAMPUS DRIVE,RICHMOND,VA,23229,SINGLE USE,OPEN,RICHMOND,51760,USA
288,1071,THE PAVILION (PENNSYLVANIA),SOUTH ITHAN AVENUE,VILLANOVA,PA,19085,SINGLE USE,OPEN,DELAWARE,19055,USA
289,1072,USF SUN DOME,4202 EAST FOWLER AVENUE,TAMPA,FL,33617,SINGLE USE,OPEN,HILLSBOROUGH,12057,USA
290,857,ROSE HILL GYMNASIUM,441 EAST FORDHAM ROAD,BRONX,NY,10458,SINGLE USE,OPEN,BRONX,36005,USA
291,858,CHAIFETZ ARENA,1 SOUTH COMPTON AVENUE,SAINT LOUIS,MO,63103,SINGLE USE,OPEN,SAINT LOUIS,29510,USA
292,367,VERIZON CENTER,610 F STREET NW,WASHINGTON,DC,20001,MULTIUSE,OPEN,DISTRICT OF COLUMBIA,11001,USA
293,1074,WVU COLISEUM,PATTERSON DRIVE AND MONONGAHELA BOULEVARD,MORGANTOWN,WV,26505,SINGLE USE,OPEN,MONONGALIA,54061,USA
294,859,THOMAS M. RYAN CENTER,WEST ALUMNI AVENUE AND TOOTELL RD.,KINGSTON,RI,2881,SINGLE USE,OPEN,WASHINGTON,48477,USA
295,1,MILWAUKEE MILE,640 SOUTH 84TH STREET,WEST ALLIS,WI,53214,SINGLE USE,OPEN,MILWAUKEE,55079,USA
296,16,STREETS OF ST. PETERSBURG,BAYSHORE DRIVE SE,SAINT PETERSBURG,FL,33701,SINGLE USE,OPEN,PINELLAS,12103,USA
297,860,TOM GOLA ARENA,WEST OLNEY AVENUE AND ELKINS AVENUE,PHILADELPHIA,PA,19141,SINGLE USE,OPEN,PHILADELPHIA,42101,USA
298,1075,PETER W. STOTT CENTER,SW PARK AVENUE AND SW COLLEGE STREET,PORTLAND,OR,97201,SINGLE USE,OPEN,MULTNOMAH,41051,USA
299,17,STREETS PRIX OF LONG BEACH,300 EAST OCEAN BOULEVARD,LONG BEACH,CA,90802,SINGLE USE,OPEN,LOS ANGELES,6037,USA
300,861,UNIVERSITY OF DAYTON ARENA,100 ARENA PARK DRIVE,DAYTON,OH,45408,SINGLE USE,OPEN,MONTGOMERY,20125,USA
301,1076,REED GYMNASIUM,EAST TERRY STREET AND MEMORIAL DRIVE,POCATELLO,ID,83201,SINGLE USE,OPEN,BANNOCK,16005,USA
302,1077,REESE COURT,WASHINGTON STREET AND ELM STREET,CHENEY,WA,99004,SINGLE USE,OPEN,SPOKANE,53063,USA
303,862,WILLIAM D. MULLINS MEMORIAL CENTER,COMMONWEALTH AVENUE AND CAMPUS CENTER WAY,AMHERST,MA,1003,SINGLE USE,OPEN,HAMPSHIRE,54027,USA
304,18,BARBER MOTORSPORTS PARK,6040 BARBER MOTORSPORTS PKY,BIRMINGHAM,AL,35094,SINGLE USE,OPEN,JEFFERSON,1073,USA
305,1078,MILLIS ATHLETIC AND CONVOCATION CENTER,922 COLLEGE DRIVE WEST,HIGH POINT,NC,27262,SINGLE USE,OPEN,GUILFORD,37081,USA
306,1079,DEDMON CENTER ARENA,101 UNIVERSITY DRIVE,RADFORD,VA,24141,SINGLE USE,OPEN,RADFORD,51750,USA
308,863,ALLEN ARENA,1 UNIVERSITY PARK DRIVE,NASHVILLE,TN,37215,SINGLE USE,OPEN,DAVIDSON,47037,USA
309,1080,VINES CENTER,UNIVERSITY BOULEVARD AND DEMOSS DRIVE,LYNCHBURG,VA,24502,SINGLE USE,OPEN,LYNCHBURG,51680,USA
310,22,MID-OHIO SPORTS CAR COURSE,7721 STEAM CORNERS ROAD,LEXINGTON,OH,44904,MULTIUSE,OPEN,MORROW,39117,USA
311,864,"JOHN W. POPE, JR. CONVOCATION CENTER",LESLIE CAMPBELL AVENUE AND MAIN STREET,BUIES CREEK,NC,27506,SINGLE USE,OPEN,HARNETT,37085,USA
312,24,BELLE ISLE,STRAND DR.,DETROIT,MI,48207,SINGLE USE,OPEN,WAYNE,26163,USA
313,865,KSU CONVOCATION CENTER,FREY ROAD AND OLD FREY ROAD,KENNESAW,GA,30144,SINGLE USE,OPEN,COBB,13067,USA
314,1081,WINTHROP COLISEUM,1162 EDEN TERRACE,ROCK HILL,SC,29730,SINGLE USE,OPEN,YORK,31185,USA
315,26,STREETS OF BALTIMORE,323 WEST CAMDEN STREET,BALTIMORE,MD,21201,SINGLE USE,OPEN,BALTIMORE,24510,USA
316,866,CURB EVENT CENTER,2002 BELMONT BOULEVARD,NASHVILLE,TN,37212,SINGLE USE,OPEN,DAVIDSON,47037,USA
317,1082,MCGAW MEMORIAL HALL/WELSH-RYAN ARENA,2705 ASHLAND AVENUE,EVANSTON,IL,60208,SINGLE USE,OPEN,COOK,27031,USA
318,27,BELMONT PARK RACE TRACK,2150 HEMPSTEAD TURNPIKE,ELMONT,NY,11003,SINGLE USE,OPEN,NASSAU,36059,USA
319,867,J. OLLIE EDMUNDS CENTER,143 EAST PENNSYLVANIA AVENUE,DELAND,FL,32723,SINGLE USE,OPEN,VOLUSIA,12127,USA
320,1083,VALUE CITY ARENA,555 BORROR DRIVE,COLUMBUS,OH,43210,SINGLE USE,OPEN,FRANKLIN,53021,USA
321,868,MOUNTAIN STATES HEALTH ALLIANCE ATHLETICS CENTER,STATE OF FRANKLIN ROAD AND JOHN ROBERT BELL DRIVE,JOHNSON CITY,TN,37604,SINGLE USE,OPEN,WASHINGTON,48477,USA
322,1084,WILLIAMS ARENA,1925 UNIVERSITY AVENUE SE,MINNEAPOLIS,MN,55455,SINGLE USE,OPEN,HENNEPIN,27053,USA
323,28,CHURCHILL DOWNS,700 CENTRAL AVENUE,LOUISVILLE,KY,40208,SINGLE USE,OPEN,JEFFERSON,21111,USA
324,869,PAUL PORTER ARENA,WEST BRANCH AVENUE,BOILING SPRINGS,NC,28017,SINGLE USE,OPEN,CLEVELAND,40027,USA
325,1085,ROBERT A. MOTT GYMNASIUM,SOUTH PERIMETER ROAD AND LONGVIEW LANE,SAN LUIS OBISPO,CA,93407,SINGLE USE,OPEN,SAN LUIS OBISPO,6079,USA
326,29,DEL MAR,2260 JIMMY DURANTE BOULEVARD,DEL MAR,CA,92014,SINGLE USE,OPEN,SAN DIEGO,6073,USA
327,30,GOLDEN GATE FIELDS,1100 EASTSHORE HIGHWAY,ALBANY,CA,94710,SINGLE USE,OPEN,ALAMEDA,6001,USA
328,1086,STUDENT RECREATION CENTER,WEST LINDEN DRIVE AND ABERDEEN ROAD,RIVERSIDE,CA,92507,SINGLE USE,OPEN,RIVERSIDE,6065,USA
329,870,JACKSONVILLE VETERANS MEMORIAL ARENA,A. PHILIP RANDOLPH BOULEVARD,JACKSONVILLE,FL,32211,SINGLE USE,OPEN,DUVAL,48131,USA
330,871,UNF ARENA,11852 UNIVERSITY OF NORTH FLORIDA DRIVE,JACKSONVILLE,FL,32224,SINGLE USE,OPEN,DUVAL,48131,USA
331,1087,THE MATADOME,PLUMMER STREET AND LINDLEY AVENUE,NORTHRIDGE,CA,91325,SINGLE USE,OPEN,LOS ANGELES,6037,USA
332,32,MEADOWLANDS RACETRACK,50 STATE ROUTE 120,EAST RUTHERFORD,NJ,7073,SINGLE USE,OPEN,BERGEN,34003,USA
333,872,HAWKINS ARENA,ADAMS STREET AND EDGEWOOD AVENUE,MACON,GA,31207,SINGLE USE,OPEN,BIBB,13021,USA
334,873,ALLEN FIELDHOUSE,1651 NAISMITH DRIVE,LAWRENCE,KS,66045,SINGLE USE,OPEN,DOUGLAS,32005,USA
335,33,PIMLICO RACE COURSE,5201 PARK HEIGHTS AVENUE,BALTIMORE,MD,21215,SINGLE USE,OPEN,BALTIMORE,24510,USA
336,1088,UC SANTA BARBARA EVENTS CENTER,OCEAN ROAD AND EL COLEGIO ROAD,SANTA BARBARA,CA,93106,SINGLE USE,OPEN,SANTA BARBARA,6083,USA
337,34,SANTA ANITA PARK,285 WEST HUNTINGTON DRIVE,ARCADIA,CA,91007,SINGLE USE,OPEN,LOS ANGELES,6037,USA
338,874,PINNACLE BANK ARENA,400 PINNACLE ARENA DRIVE,LINCOLN,NE,68508,SINGLE USE,OPEN,LANCASTER,31109,USA
339,1089,TITAN GYMNASIUM,GYMNASIUM CAMPUS DRIVE,FULLERTON,CA,92831,SINGLE USE,OPEN,ORANGE,48361,USA
340,35,SARATOGA RACE COURSE,267 UNION AVENUE,SARATOGA SPRINGS,NY,12866,SINGLE USE,OPEN,SARATOGA,36091,USA
341,1090,WALTER PYRAMID,MERRIAM WAY AND EAST ATHERTON STREET,LONG BEACH,CA,90815,SINGLE USE,OPEN,LOS ANGELES,6037,USA
342,875,COORS EVENTS CENTER,950 REGENT DRIVE,BOULDER,CO,80303,SINGLE USE,OPEN,BOULDER,8013,USA
343,876,FERRELL CENTER,1900 S. UNIVERSITY PARKS DRIVE,WACO,TX,76706,SINGLE USE,OPEN,MCLENNAN,48309,USA
344,1091,MATTHEWS ARENA,SAINT BOTOLPH STREET AND GAINSBOROUGH STREET,BOSTON,MA,2115,SINGLE USE,OPEN,SUFFOLK,25025,USA
345,38,KEENELAND,4201 VERSAILLES ROAD,LEXINGTON,KY,40588,SINGLE USE,OPEN,FAYETTE,48149,USA
346,877,FRANK ERWIN CENTER,1701 RED RIVER STREET,AUSTIN,TX,78701,SINGLE USE,OPEN,TRAVIS,48453,USA
347,1092,PATRIOT CENTER,PO RIVER LANE,FAIRFAX,VA,22030,SINGLE USE,OPEN,FAIRFAX,51600,USA
348,39,LAUREL PARK,ROUTE 198 AND RACETRACK ROAD,LAUREL,MD,20724,SINGLE USE,OPEN,ANNE ARUNDEL,24003,USA
349,878,FRED BRAMLAGE COLISEUM,1800 COLLEGE AVENUE,MANHATTAN,KS,66502,SINGLE USE,OPEN,RILEY,20161,USA
350,1093,STUART C. SIEGEL CENTER,1200 WEST BROAD STREET,RICHMOND,VA,23220,SINGLE USE,OPEN,RICHMOND,51760,USA
351,41,ARLINGTON PARK,2200 WEST EUCLID AVE,ARLINGTON HEIGHTS,IL,60005,SINGLE USE,OPEN,COOK,27031,USA
352,879,GALLAGHER-IBA ARENA,KNOBLOCK STREET AND W. HALL OF FAME AVENUE,STILLWATER,OK,74075,SINGLE USE,OPEN,PAYNE,40119,USA
353,1094,TED CONSTANT CONVOCATION CENTER,4320 HAMPTON BOULEVARD,NORFOLK,VA,23508,SINGLE USE,OPEN,NORFOLK,51710,USA
354,42,LONE STAR PARK,2400 N BELT LINE ROAD,GRAND PRAIRIE,TX,75050,SINGLE USE,OPEN,DALLAS,19049,USA
355,880,HILTON COLISEUM,UNIVERSITY DRIVE AND LINCOLN WAY,AMES,IA,50011,SINGLE USE,OPEN,STORY,19169,USA
356,1095,SECU ARENA,AUBURN DRIVE,TOWSON,MD,21204,SINGLE USE,OPEN,BALTIMORE,24005,USA
357,43,GULFSTREAM PARK,901 SOUTH FEDERAL HIGHWAY,HALLANDALE BEACH,FL,33009,SINGLE USE,OPEN,BROWARD,12011,USA
359,881,LLOYD NOBLE CENTER,2900 JENKINS AVENUE,NORMAN,OK,73072,SINGLE USE,OPEN,CLEVELAND,40027,USA
360,1096,TRASK COLISEUM,WAGONER ROAD AND HURST DRIVE,WILMINGTON,NC,28403,SINGLE USE,OPEN,NEW HANOVER,37129,USA
361,45,AQUEDUCT RACETRACK,110-00 RACKAWAY BOULEVARD,JAMAICA,NY,11417,SINGLE USE,OPEN,QUEENS,36081,USA
362,882,MIZZOU ARENA,1 CHAMPIONS DRIVE,COLUMBIA,MO,65203,SINGLE USE,OPEN,BOONE,31011,USA
363,1097,MOODY COLISEUM (SMU),BINKLEY AVENUE AND AIRLINE ROAD,DALLAS,TX,75205,SINGLE USE,OPEN,DALLAS,19049,USA
364,1098,REYNOLDS CENTER,EAST 8TH STREET AND SOUTH GARY PLACE,TULSA,OK,74112,SINGLE USE,OPEN,TULSA,40143,USA
365,883,REED ARENA,OLSEN BOULEVARD,COLLEGE STATION,TX,77843,SINGLE USE,OPEN,BRAZOS,48041,USA
366,46,MONMOUTH PARK,175 OCEANPORT AVENUE,OCEANPORT,NJ,7757,SINGLE USE,OPEN,MONMOUTH,34025,USA
367,1099,WILLIAMS ARENA AT MINGES COLISEUM,FICKHEN STREET,GREENVILLE,NC,27858,SINGLE USE,OPEN,PITT,37147,USA
368,1100,RESCH CENTER,1901 SOUTH ONEIDA STREET,GREEN BAY,WI,54304,SINGLE USE,OPEN,BROWN,27015,USA
369,884,TIMES UNION CENTER,51 SOUTH PEARL STREET,ALBANY,NY,12207,SINGLE USE,OPEN,ALBANY,56001,USA
370,47,CALDER RACE TRACK,21001 NW 27TH AVE,MIAMI GARDENS,FL,33056,SINGLE USE,OPEN,MIAMI-DADE,12086,USA
372,1101,THE UIC PAVILION,525 SOUTH RACINE AVENUE,CHICAGO,IL,60607,SINGLE USE,OPEN,COOK,27031,USA
373,885,HYNES ATHLETIC CENTER,PRESIDENT STREET AND DURAND STREET,NEW ROCHELLE,NY,10801,SINGLE USE,OPEN,WESTCHESTER,36119,USA
374,48,FAIR GROUNDS RACE COURSE,1751 GENTILLY BOULEVARD,NEW ORLEANS,LA,70119,SINGLE USE,OPEN,ORLEANS,22071,USA
375,1102,U.S. CELLULAR ARENA,400 WEST KILBORNE AVENUE,MILWAUKEE,WI,53203,SINGLE USE,OPEN,MILWAUKEE,55079,USA
376,886,ALUMNI ARENA,WEBSTER ROAD,AMHERST,NY,14221,SINGLE USE,OPEN,ERIE,39043,USA
377,49,OAKLAWN PARK,2705 CENTRAL AVE,HOT SPRINGS,AR,71901,SINGLE USE,OPEN,GARLAND,5051,USA
378,1103,WOLSTEIN CENTER,EAST 18TH STREET AND PROSPECT AVENUE,CLEVELAND,OH,44115,SINGLE USE,OPEN,CUYAHOGA,39035,USA
379,887,JAMES A. RHODES ARENA,373 CARROLL  STREET,AKRON,OH,44325,SINGLE USE,OPEN,SUMMIT,49043,USA
380,50,RALPH WILSON STADIUM,1 BILLS DRIVE,ORCHARD PARK,NY,14127,SINGLE USE,OPEN,ERIE,39043,USA
381,1104,UCCU CENTER,WEST 1000 SOUTH AND CAMPUS DRIVE,OREM,UT,84058,SINGLE USE,OPEN,UTAH,49049,USA
382,888,JOHN E. WORTHEN ARENA,1699 W. WEST BETHEL AVENUE,MUNCIE,IN,47304,SINGLE USE,OPEN,DELAWARE,19055,USA
384,404,SUN LIFE STADIUM,2267 NORTH WEST 199TH STREET,MIAMI GARDENS,FL,33056,MULTIUSE,OPEN,MIAMI-DADE,12086,USA
386,889,ATHLETICS-RECREATION CENTER,1009 UNION STREET,VALPARAISO,IN,46383,SINGLE USE,OPEN,PORTER,18127,USA
387,1105,THE PAVILION (CALIFORNIA),LA RUE ROAD AND ORCHARD ROAD,DAVIS,CA,95616,SINGLE USE,OPEN,YOLO,6113,USA
388,890,CARVER ARENA,201 SW JEFFERSON STREET,PEORIA,IL,61602,SINGLE USE,OPEN,PEORIA,17143,USA
389,1106,TIGER ARENA,TOMPKINS HEIGHTS,SAVANNAH,GA,31404,SINGLE USE,OPEN,CHATHAM,37037,USA
390,382,GILLETTE STADIUM,1 PATRIOT PLACE,FOXBORO,MA,2035,MULTIUSE,OPEN,NORFOLK,25021,USA
392,1107,UTRGV FIELDHOUSE,WEST VAN WEEK STREET AND NORTH 5TH AVENUE,EDINBURG,TX,78541,SINGLE USE,OPEN,HIDALGO,48215,USA
393,891,ARENA-AUDITORIUM,EAST WILLET STREET AND NORTH 19TH STREET,LARAMIE,WY,82072,SINGLE USE,OPEN,ALBANY,56001,USA
394,892,CLUNE ARENA,2169 FIELDHOUSE DRIVE,COLORADO SPRINGS,CO,80840,SINGLE USE,OPEN,EL PASO,48141,USA
395,799,AMERICAN AIRLINES ARENA,601 BISCAYNE BOULEVARD,MIAMI,FL,33132,SINGLE USE,OPEN,DADE,29057,USA
396,1108,LEVIEN GYMNASIUM,3030 BROADWAY,NEW YORK,NY,10027,SINGLE USE,OPEN,NEW YORK,36061,USA
397,53,FIRSTENERGY STADIUM,100 ALFRED LERNER WAY,CLEVELAND,OH,44114,SINGLE USE,OPEN,CUYAHOGA,39035,USA
398,893,MARRIOTT CENTER,500 EAST UNIVERSITY PARKWAY,PROVO,UT,84602,SINGLE USE,OPEN,UTAH,49049,USA
399,800,GOLDEN 1 CENTER,547 L ST,SACRAMENTO,CA,95814,SINGLE USE,OPEN,SACRAMENTO,6067,USA
400,1109,NEWMAN ARENA,CAMPUS ROAD AND GARDEN AVENUE,ITHICA,NY,14853,SINGLE USE,OPEN,TOMPKINS,36109,USA
401,54,M&T BANK STADIUM,1101 RUSSELL STREET,BALTIMORE,MD,21230,SINGLE USE,OPEN,BALTIMORE,24510,USA
402,55,PAUL BROWN STADIUM,1 PAUL BROWN STADIUM,CINCINNATI,OH,45202,SINGLE USE,OPEN,HAMILTON,20075,USA
403,1110,PAUL BAILEY PIZZITOLA MEMORIAL SPORTS CENTER,LLOYD AVENUE AND HOPE STREET,PROVIDENCE,RI,2906,SINGLE USE,OPEN,PROVIDENCE,44007,USA
404,894,STEINBERG WELLNESS CENTER,168 ASHLAND PLACE,BROOKLYN,NY,11201,SINGLE USE,OPEN,KINGS,6031,USA
405,801,VIVINT SMART HOME ARENA,301 WEST SOUTH TEMPLE,SALT LAKE CITY,UT,84101,SINGLE USE,OPEN,SALT LAKE,49035,USA
406,383,HEINZ FIELD,100 ART ROONEY AVENUE,PITTSBURGH,PA,15212,MULTIUSE,OPEN,ALLEGHENY,42003,USA
407,1111,PAYNE WHITNEY GYMNASIUM,70 TOWER PARKWAY,NEW HAVEN,CT,6520,SINGLE USE,OPEN,NEW HAVEN,9009,USA
408,362,ALLSTATE ARENA,6920 MANNHEIN ROAD,ROSEMONT,IL,60018,MULTIUSE,OPEN,COOK,27031,USA
409,57,EVERBANK FIELD,1 EVERBANK FIELD DRIVE,JACKSONVILLE,FL,32202,SINGLE USE,OPEN,DUVAL,48131,USA
410,1112,THE PALESTRA,215 SOUTH 33RD STREET,PHILADELPHIA,PA,19104,SINGLE USE,OPEN,PHILADELPHIA,42101,USA
411,375,BMO HARRIS BRADLEY CENTER,1001 NORTH 4TH STREET,MILWAUKEE,WI,53233,MULTIUSE,OPEN,MILWAUKEE,55079,USA
412,803,QUICKEN LOANS ARENA,1 CENTER COURT,CLEVELAND,OH,44115,SINGLE USE,OPEN,CUYAHOGA,39035,USA
413,804,ORACLE ARENA,7000 COLISEUM WAY,OAKLAND,CA,94621,SINGLE USE,OPEN,ALAMEDA,6001,USA
414,897,STATE FARM CENTER,1800 SOUTJ 605 1ST STREET,CHAMPAIGN,IL,61820,SINGLE USE,OPEN,CHAMPAIGN,17019,USA
415,1113,PETE MATHEWS COLISEUM,PARK AVENUE NW AND NISBET STREET NW,JACKSONVILLE,AL,36265,SINGLE USE,OPEN,CALHOUN,48057,USA
416,58,LUCAS OIL STADIUM,500 SOUTH CAPITOL AVENUE,INDIANAPOLIS,IN,46225,SINGLE USE,OPEN,MARION,41047,USA
417,898,ASSEMBLY HALL,1001 EAST 17TH STREET,BLOOMINGTON,IN,47408,SINGLE USE,OPEN,MONROE,55081,USA
418,899,ALEX G. SPANOS CENTER,1178 LARRY HELLER DRIVE,STOCKTON,CA,95211,SINGLE USE,OPEN,SAN JOAQUIN,6077,USA
419,805,SMOOTHIE KING CENTER,1601 GIROD STREET,NEW ORLEANS,LA,70113,SINGLE USE,OPEN,ORLEANS,22071,USA
420,59,NRG STADIUM,1 RELIANT PARK,HOUSTON,TX,77054,SINGLE USE,OPEN,HARRIS,48201,USA
421,1114,CFSB CENTER,1401 STATE ROUTE 121,MURRAY,KY,42071,SINGLE USE,OPEN,CALLOWAY,21035,USA
422,900,TUDOR FIELDHOUSE,6100 MAIN STREET,HOUSTON,TX,77251,SINGLE USE,OPEN,HARRIS,48201,USA
423,60,LP FIELD,1 TITANS WAY,NASHVILLE,TN,37213,SINGLE USE,OPEN,DAVIDSON,47037,USA
424,1115,SHOW ME CENTER,1333 NORTH SPRIGG STREET,CAPE GIRARDEAU,MO,63701,SINGLE USE,OPEN,CAPE GIRARDEAU,29031,USA
425,806,MODA CENTER,1 CENTER COURT,PORTLAND,OR,97227,SINGLE USE,OPEN,MULTNOMAH,41051,USA
426,901,CFE ARENA,NORTH GEMINI BLVD,ORLANDO,FL,32765,SINGLE USE,OPEN,ORANGE,48361,USA
427,370,OAKLAND ALAMEDA COLISEUM,7000 COLISEUM WAY,OAKLAND,CA,94621,MULTIUSE,OPEN,ALAMEDA,6001,USA
428,1116,SKYHAWK ARENA,MOUNT PELIA ROAD AND UNIVERSITY STREET,MARTIN,TN,38237,SINGLE USE,OPEN,WEAKLEY,47183,USA
429,363,AMERICAN AIRLINES CENTER,2500 VICTORY AVENUE,DALLAS,TX,75219,MULTIUSE,OPEN,DALLAS,19049,USA
430,902,ALLEN COUNTY WAR MEMORIAL COLISEUM,4000 PARNELL AVENUE,FORT WAYNE,IN,46805,SINGLE USE,OPEN,ALLEN,20001,USA
431,62,ARROWHEAD STADIUM,1 ARROWHEAD DRIVE,KANSAS CITY,MO,64129,SINGLE USE,OPEN,JACKSON,48239,USA
432,1117,MAPLES PAVILION,655 CAMPUS DRIVE,STANFORD,CA,94305,SINGLE USE,OPEN,SANTA CLARA,6085,USA
433,903,ALUMNI GYMNASIUM,2083 LAWRENCEVILLE ROAD,LAWRENCEVILLE,NJ,8648,SINGLE USE,OPEN,MERCER,38057,USA
434,63,SPORTS AUTHORITY FIELD AT MILE HIGH,1701 MILE HIGH STADIUM CIRCLE WEST,DENVER,CO,80204,SINGLE USE,OPEN,DENVER,8031,USA
435,1118,WALTER A. HAAS PAVILION,BANCROFT WAY AND DANA STREET,BERKELEY,CA,94720,SINGLE USE,OPEN,ALAMEDA,6001,USA
436,904,WEBSTER BANK ARENA,600 MAIN STREET,BRIDGEPORT,CT,6604,SINGLE USE,OPEN,FAIRFIELD,45039,USA
437,399,QUALCOMM STADIUM,9449 FRIARS ROAD,SAN DIEGO,CA,92108,MULTIUSE,OPEN,SAN DIEGO,6073,USA
438,1119,SOJKA PAVILION,ROTC DRIVE,LEWISBURG,PA,17837,SINGLE USE,OPEN,UNION,41061,USA
439,905,ALUMNI COLISEUM,KIT CARSON DRIVE AND PARK DRIVE,RICHMOND,KY,40475,SINGLE USE,OPEN,MADISON,30057,USA
440,65,FEDEX FIELD,1600 FEDEX WAY,LANDOVER,MD,20785,SINGLE USE,OPEN,PRINCE GEORGE'S,24033,USA
441,1120,STABLER ARENA,124 GOODMAN DRIVE,BETHLEHEM,PA,18015,SINGLE USE,OPEN,NORTHAMPTON,51131,USA
442,906,ALASKA AIRLINES ARENA,3870 MONTLAKE BOULEVARD NE,SEATTLE,WA,98105,SINGLE USE,OPEN,KINGS,6031,USA
443,66,AT&T STADIUM,1 LEGENDS WAY,ARLINGTON,TX,76011,SINGLE USE,OPEN,TARRANT,48439,USA
444,1121,MEMORIAL GYMNASIUM (TENNESSEE),25TH AVENUE SOUTH AND VANDERBILT PLACE,NASHVILLE,TN,37212,SINGLE USE,OPEN,DAVIDSON,47037,USA
445,67,METLIFE STADIUM,1 METLIFE STADIUM DRIVE,EAST RUTHERFORD,NJ,7073,MULTIUSE,OPEN,BERGEN,34003,USA
446,1122,PETE MARAVICH ASSEMBLY CENTER,NORTH STADIUM ROAD,BATON ROUGE,LA,70803,SINGLE USE,OPEN,EAST BATON ROUGE,22033,USA
447,405,TD GARDEN,100 LEGENDS WAY,BOSTON,MA,2114,MULTIUSE,OPEN,SUFFOLK,25025,USA
448,907,MCKALE MEMORIAL CENTER,MARTINE AVENUE AND ENKE DRIVE,TUCSON,AZ,85721,SINGLE USE,OPEN,PIMA,4019,USA
449,373,LINCOLN FINANCIAL FIELD,1020 PATTISON AVENUE,PHILADELPHIA,PA,19148,MULTIUSE,OPEN,PHILADELPHIA,42101,USA
450,396,PEPSI CENTER,1000 CHOPPER CIRCLE,DENVER,CO,80204,MULTIUSE,OPEN,DENVER,8031,USA
451,69,FORD FIELD,2000 BRUSH STREET,DETROIT,MI,48226,SINGLE USE,OPEN,WAYNE,49055,USA
452,1123,RUPP ARENA,430 WEST VINE STREET,LEXINGTON,KY,40507,SINGLE USE,OPEN,FAYETTE,48149,USA
453,908,WELLS FARGO ARENA,600 EAST VETERANS WAY,TEMPE,AZ,85281,SINGLE USE,OPEN,MARICOPA,4013,USA
454,1124,STEGEMAN COLISEUM,CARLTON STREET,ATHENS,GA,30602,SINGLE USE,OPEN,CLARKE,19039,USA
455,909,ALLAN P. KIRBY SPORTS CENTER,700 PIERCE STREET,EASTON,PA,18402,SINGLE USE,OPEN,NORTHAMPTON,51131,USA
456,1125,STEPHEN C. O'CONNELL CENTER,250 GALE LEMERAND DRIVE,GAINESVILLE,FL,32611,SINGLE USE,OPEN,ALACHUA,12001,USA
457,70,LAMBEAU FIELD,1265 LOMBARDI AVENUE,GREEN BAY,WI,54304,SINGLE USE,OPEN,BROWN,27015,USA
458,910,ALUMNI HALL,DECATUR ROAD AND MCNAIR ROAD,ANNAPOLIS,MD,21402,SINGLE USE,OPEN,ANNE ARUNDEL,24003,USA
459,1126,THE PAVILION AT OLE MISS,1 ALL AMERICAN DRIVE,OXFORD,MS,38677,SINGLE USE,OPEN,LAFAYETTE,22055,USA
460,71,SOLDIER FIELD,1410 SOUTH MUSEUM CAMPUS DRIVE,CHICAGO,IL,60605,SINGLE USE,OPEN,COOK,27031,USA
461,1127,THOMPSON-BOLING ARENA,1600 PHILLIP FULMER WAY,KNOXVILLE,TN,37916,SINGLE USE,OPEN,KNOX,31107,USA
462,73,BANK OF AMERICA STADIUM,800 SOUTH MINT STREET,CHARLOTTE,NC,28202,SINGLE USE,OPEN,MECKLENBURG,37119,USA
463,1128,MCALISTER FIELD HOUSE,HAMMOND AVENUE AND GRIER AVENUE,CHARLESTON,SC,29409,SINGLE USE,OPEN,CHARLESTON,45019,USA
464,74,GEORGIA DOME,1 GEORGIA DOME DRIVE NW,ATLANTA,GA,30313,MULTIUSE,OPEN,FULTON,17057,USA
465,397,PHILIPS ARENA,1 PHILIPS DRIVE NW,ATLANTA,GA,30303,MULTIUSE,OPEN,FULTON,17057,USA
466,1129,LISTON B. RAMSEY REGIONAL ACTIVITY CENTER,92 CATAMOUNT ROAD,CULLOWHEE,NC,28723,SINGLE USE,OPEN,JACKSON,48239,USA
467,1130,MCKENZIE ARENA,720 EAST 4TH STREET,CHATTANOOGA,TN,37403,SINGLE USE,OPEN,HAMILTON,20075,USA
468,392,MERCEDES-BENZ SUPERDOME,1550 SUGAR BOWL DRIVE,NEW ORLEANS,LA,70112,SINGLE USE,OPEN,ORLEANS,22071,USA
469,374,UNITED CENTER,1902 WEST MADISON STREET,CHICAGO,IL,60612,MULTIUSE,OPEN,COOK,27031,USA
470,1131,TIMMONS ARENA,3300 POINSETT HIGHWAY,GREENVILE,SC,29613,SINGLE USE,OPEN,GREENVILLE,45045,USA
471,400,RAYMOND JAMES STADIUM,4201 NORTH DALE MABRY HIGHWAY,TAMPA,FL,33607,MULTIUSE,OPEN,HILLSBOROUGH,12057,USA
472,365,CENTURYLINK FIELD,800 OCCIDENTAL AVENUE SOUTH,SEATTLE,WA,98134,MULTIUSE,OPEN,KING,53033,USA
473,368,PRUDENTIAL CENTER,25 LAFAYETTE STREET,NEWARK,NJ,7102,MULTIUSE,OPEN,ESSEX,25009,USA
474,1132,HANNER FIELDHOUSE,GEORGIA AVENUE AND HERTY DRIVE,STATESBORO,GA,30458,SINGLE USE,OPEN,BULLOCH,13031,USA
475,391,MADISON SQUARE GARDEN,4 PENNSYLVANIA PLAZA,NEW YORK,NY,10001,MULTIUSE,OPEN,NEW YORK,36061,USA
476,366,STAPLES CENTER,1111 SOUTH FIGUEROA STREET,LOS ANGELES,CA,90015,MULTIUSE,OPEN,LOS ANGELES,6037,USA
477,80,UNIVERSITY OF PHOENIX STADIUM,1 CARDINALS DRIVE,GLENDALE,AZ,85305,SINGLE USE,OPEN,MARICOPA,4013,USA
478,1133,MONTAGNE CENTER,4400 SOUTH M L KING JR PARKWAY,BEAUMONT,TX,77705,SINGLE USE,OPEN,JEFFERSON,22051,USA
479,376,TARGET CENTER,600 FIRST AVENUE NORTH,MINNEAPOLIS,MN,55403,MULTIUSE,OPEN,HENNEPIN,27053,USA
480,1246,FIFTH THIRD FIELD,406 WASHINGTON ST,TOLEDO,OH,43604,SINGLE USE,OPEN,LUCAS,39095,USA
481,407,TALKING STICK RESORT ARENA,201 EAST JEFFERSON,PHOENIX,AZ,85004,MULTIUSE,OPEN,MARICOPA,4013,USA
482,1247,ISOTOPES PARK,1601 AVENIDA CESAR CHAVEZ SE,ALBUQUERQUE,NM,87106,SINGLE USE,OPEN,BERNALILLO,35001,USA
483,1134,PRATHER COLISEUM,CASPERI STREET AND SOUTH JEFFERSON STREET,NATCHITOCHES,LA,71457,SINGLE USE,OPEN,NATCHITOCHES,22069,USA
484,81,CENTENNIAL BANK STADIUM,A STREET AND OLYMPIC DRIVE,JONESBORO,AR,72401,SINGLE USE,OPEN,CRAIGHEAD,5031,USA
485,820,TIME WARNER CABLE ARENA,333 EAST TRADE STREET,CHARLOTTE,NC,28202,SINGLE USE,OPEN,MECKLENBURG,37119,USA
486,1248,SECURITY SERVICE FIELD,4385 TUTT BLVD,COLORADO SPRINGS,CO,80922,SINGLE USE,OPEN,EL PASO,8041,USA
487,82,ARIZONA STADIUM,1 NORTH NATIONAL CHAMPION DRIVE,TUCSON,AZ,85721,SINGLE USE,OPEN,PIMA,4019,USA
488,1135,STOPHER GYMNASIUM,NSU ACADIA DRIVE AND NSU ELLENDALE DRIVE,THIBODAUX,LA,70310,SINGLE USE,OPEN,LAFOURCHE,22057,USA
489,1136,STRAHAN COLISEUM,AQUARENA SPRINGS DRIVE AND CHARLES AUSTIN DRIVE,SAN MARCOS,TX,78666,SINGLE USE,OPEN,HAYS,48209,USA
490,83,SUN DEVIL STADIUM,500 EAST VETERANS WAY,TEMPE,AZ,85281,SINGLE USE,OPEN,MARICOPA,4013,USA
491,1249,SOUTHWEST UNIVERSITY PARK,1 BALLPARK PLAZA,EL PASO,TX,79901,SINGLE USE,OPEN,EL PASO,48141,USA
492,371,BANKERS LIFE FIELDHOUSE,125 SOUTH PENNSYLVANIA STREET,INDIANAPOLIS,IN,46204,MULTIUSE,OPEN,MARION,41047,USA
493,1250,CHUKCHANSI PARK,1800 TULARE ST,FRESNO,CA,93721,SINGLE USE,OPEN,FRESNO,6019,USA
494,822,TOYOTA CENTER,1510 POLK STREET,HOUSTON,TX,77002,SINGLE USE,OPEN,HARRIS,48201,USA
495,823,PALACE OF AUBURN HILLS,2 CHAMPIONSHIP DRIVE,AUBURN HILLS,MI,48326,SINGLE USE,OPEN,OAKLAND,26125,USA
496,1251,PRINCIPAL PARK,1 LINE DR,DES MOINES,IA,50309,SINGLE USE,OPEN,POLK,19153,USA
497,85,CALIFORNIA MEMORIAL STADIUM,STADIUM RIM WAY AND CENTENNIAL DRIVE,BERKELEY,CA,94704,SINGLE USE,OPEN,ALAMEDA,6001,USA
498,1137,UNIVERSITY CENTER,WEST UNIVERSITY AVENUE AND COLLEGE DRIVE,HAMMOND,LA,70401,SINGLE USE,OPEN,TANGIPAHOA,22105,USA
499,364,AT&T CENTER,1 AT&T CENTER PARKWAY,SAN ANTONIO,TX,78219,MULTIUSE,OPEN,BEXAR,48029,USA
500,1252,CASHMAN FIELD,850 LAS VEGAS BLVD N,LAS VEGAS,NV,89101,SINGLE USE,OPEN,CLARK,32003,USA
501,825,CHESAPEAKE ENERGY ARENA,100 WEST RENO AVENUE,OKLAHOMA CITY,OK,73102,SINGLE USE,OPEN,OKLAHOMA,40109,USA
502,1253,AUTOZONE PARK,200 UNION AVE,MEMPHIS,TN,38103,SINGLE USE,OPEN,SHELBY,47157,USA
503,86,LOS ANGELES MEMORIAL COLISEUM,3911 SOUTH FIGUEROA STREET,LOS ANGELES,CA,90037,MULTIUSE,OPEN,LOS ANGELES,6037,USA
504,1254,FIRST TENNESSEE PARK,19 JR GILLIAM WAY,NASHVILLE,TN,37219,SINGLE USE,OPEN,DAVIDSON,47037,USA
506,1255,ZEPHYR FIELD,6000 AIRLINE DR,METAIRIE,LA,70003,SINGLE USE,OPEN,JEFFERSON,22051,USA
507,827,AMWAY CENTER,CHURCH ST AND DIVISION AVE,ORLANDO,FL,32801,SINGLE USE,OPEN,ORANGE,48361,USA
508,87,ROSE BOWL,1001 ROSE BOWL DRIVE,PASADENA,CA,91103,SINGLE USE,OPEN,LOS ANGELES,6037,USA
509,1256,CHICKASAW BRICKTOWN BALLPARK,2 S MICKEY MANTLE DR,OKLAHOMA CITY,OK,73104,SINGLE USE,OPEN,OKLAHOMA,40109,USA
510,828,HANK MCCAMISH PAVILION,965 FOWLER STREET,ATLANTA,GA,30332,SINGLE USE,OPEN,FULTON,17057,USA
511,1257,WERNER PARK,12356 BALLPARK WAY,PAPILLION,NE,68046,SINGLE USE,OPEN,SARPY,31153,USA
512,829,CAMERON INDOOR STADIUM,TOWNVIEW ROAD,DURHAM,NC,27701,SINGLE USE,OPEN,DURHAM,37063,USA
513,1258,ACES BALLPARK,250 EVANS AVE,RENO,NV,89501,SINGLE USE,OPEN,WASHOE,32031,USA
514,830,CASSELL COLISEUM,WASHINGTON STREET AND SPRING ROAD,BLACKSBURG,VA,24060,SINGLE USE,OPEN,MONTGOMERY,20125,USA
515,831,COMCAST CENTER,TERRAPIN TRAIL,COLLEGE PARK,MD,20742,SINGLE USE,OPEN,PRINCE GEORGE'S,24033,USA
516,1259,DELL DIAMOND,3400 E PALM VALLEY BLVD,ROUND ROCK,TX,78665,SINGLE USE,OPEN,WILLIAMSON,48491,USA
517,88,STANFORD STADIUM,GALVEZ STREET AND NELSON ROAD,STANFORD,CA,94305,SINGLE USE,OPEN,SANTA CLARA,6085,USA
518,832,CONTE FORUM,140 COMMONWEALTH AVENUE,CHESTNUT HILL,MA,2467,SINGLE USE,OPEN,SUFFOLK,25025,USA
519,1260,RALEY FIELD,400 BALLPARK DR,WEST SACRAMENTO,CA,95691,SINGLE USE,OPEN,YOLO,6113,USA
520,833,BANKUNITED CENTER,1245 WILLIAM E. WALSH AVENUE,CORAL GABLES,FL,33146,SINGLE USE,OPEN,MIAMI-DADE,12086,USA
521,1261,SMITH'S BALLPARK,77 1300 S,SALT LAKE CITY,UT,84115,SINGLE USE,OPEN,SALT LAKE,49035,USA
522,834,DEAN E. SMITH CENTER,SKIPPER BOWLES DRIVE,CHAPEL HILL,NC,27514,SINGLE USE,OPEN,ORANGE,48361,USA
523,1262,CHENEY STADIUM,2502 S TYLER ST,TACOMA,WA,98405,SINGLE USE,OPEN,PIERCE,53053,USA
524,89,BULLDOG STADIUM,1600 EAST BULLDOG LANE,FRESNO,CA,93740,SINGLE USE,OPEN,FRESNO,6019,USA
525,835,JOHN PAUL JONES ARENA,295 MASSIE ROAD,CHARLOTTTESVILLE,VA,22903,SINGLE USE,OPEN,ALBEMARLE,51003,USA
526,1263,PARQUE DE BEISBOL ALBERTO ROMO CHAVEZ,JUAN DE LA BARRERA 102,AGUASCALIENTES,AG,20190,SINGLE USE,OPEN,AGUASCALIENTES,1001,MEX
527,836,LAWRENCE JOEL VETERANS MEMORIAL COLISEUM,499 DEACON BOULEVARD,WINSTON-SALEM,NC,27105,SINGLE USE,OPEN,FORSYTH,13117,USA
528,1264,ESTADIO REVOLUCION,AV JUAREZ 1822,TORREON,CA,27000,SINGLE USE,OPEN,TORREON,5035,MEX
529,837,LITTLEJOHN COLISEUM,CENTENNIAL BOULEVARD AND RAVENAL ROAD,CLEMSON,SC,29634,SINGLE USE,OPEN,PICKENS,45077,USA
530,1265,ESTADIO DE BEISBOL FRAY NANO,FERNANDO IGLESIAS CALDERON S/N,MEXICO CITY,DF,15900,SINGLE USE,OPEN,VENUSTIANO CARRANZA,9017,MEX
531,1266,ESTADIO MONCLOVA,AV LOS REYES 1300,MONCLOVA,CA,25750,SINGLE USE,OPEN,MONCLOVA,5018,MEX
532,401,PNC ARENA,1400 EDWARDS MILL ROAD,RALEIGH,NC,27607,MULTIUSE,OPEN,WAKE,37183,USA
533,839,DONALD L. TUCKER CENTER,505 WEST PENSACOLA STREET,TALLAHASSEE,FL,32301,SINGLE USE,OPEN,LEON,48289,USA
534,1267,ESTADIO DE BEISBOL MONTERREY,AV MANUEL L. BARRAGAN S/N,MONTERREY,NL,64290,SINGLE USE,OPEN,MONTERREY,19039,MEX
535,840,CASE GYMNASIUM,925 COMMONWEALTH AVENUE,BOSTON,MA,2215,SINGLE USE,OPEN,SUFFOLK,25025,USA
536,1268,ESTADIO GASMART,MISSION DE SANTO TOMAS S/N,TIJUANA,BN,22223,SINGLE USE,OPEN,TIJUANA,2004,MEX
537,841,BINGHAMTON UNIVERSITY EVENTS CENTER,4400 VESTAL PARKWAY EAST,BINGHAMTON,NY,13902,SINGLE USE,OPEN,BROOME,36007,USA
538,1269,PARQUE DE BEISBOL ADOLFO LOPEZ MATEOS,DURANGO 400,REYNOSA,TM,88654,SINGLE USE,OPEN,REYNOSA,28032,MEX
539,90,SPARTAN STADIUM (CALIFORNIA),1350 SOUTH 7TH STREET,SAN JOSE,CA,95112,SINGLE USE,OPEN,SANTA CLARA,6085,USA
540,1270,ESTADIO DE BEISBOL FRANCISCO I. MADERO,JESUS VALDEZ SANCHEZ 1 INT. B,SALTILLO,CA,25284,SINGLE USE,OPEN,SALTILLO,5030,MEX
541,842,ALFOND ARENA,TUNK ROAD,ORONO,ME,4469,SINGLE USE,OPEN,PENOBSCOT,23019,USA
542,1271,ESTADIO NELSON BARRERA ROMELLON,BENJAMN GANZO 1635,CAMPECHE,CM,24020,SINGLE USE,OPEN,CAMPECHE,4002,MEX
543,91,FOLSOM FIELD,STADIUM DRIVE,BOULDER,CO,80302,SINGLE USE,OPEN,BOULDER,8013,USA
544,1272,ESTADIO RESURGIMIENTO,AV JUAREZ S/N,CIUDAD DEL CARMEN,CM,24166,SINGLE USE,OPEN,CARMEN,4003,MEX
545,1273,ESTADIO DE BEISBOL HERMANOS SERDAN,CALZADA IGNACIO ZARAGOZA 666,PUEBLA,PU,72220,SINGLE USE,OPEN,PUEBLA,21114,MEX
546,1274,ESTADIO EDUARDO VASCONCELOS,BLV EDUARDO VASCONCELOS Y CALZ,OAXACA,OA,68080,SINGLE USE,OPEN,OAXACA,20067,MEX
547,1275,ESTADIO DE BEISBOL BETO AVILA,MAYAPAN,CANCUN,QR,77500,SINGLE USE,OPEN,BENITO JUAREZ,23005,MEX
548,1276,PARQUE DE B€ISBOL CENTENARIO DEL 27 DE FEBRERO,AVENIDA VELODROMO DE LA CIUDAD DEPORTIVA S/N,VILLAHERMOSA,TB,86100,SINGLE USE,OPEN,CENTRO,27004,MEX
549,92,FALCON STADIUM,STADIUM BOULEVARD,USAFA,CO,80840,SINGLE USE,OPEN,EL PASO,48141,USA
550,1277,ESTADIO UNIVERSITARIO BETO AVILA,PASEO DE LAS JACARANDAS,BOCA DEL RIO,VE,91700,SINGLE USE,OPEN,BOCA DEL RIO,30028,MEX
551,93,SONNY LUBICK FIELD AT HUGHES STADIUM,SOUTH OVERLAND TRAIL AND ROSS DRIVE,FORT COLLINS,CO,80526,SINGLE USE,OPEN,LARIMER,8069,USA
552,1278,ESTADIO DE BEISBOL KUKULKAN,CALLE 28,MERIDA,YU,97174,SINGLE USE,OPEN,MERIDA,31050,MEX
553,31,HOLLYWOOD PARK,1050 SOUTH PRAIRIE AVENUE,INGLEWOOD,CA,90301,SINGLE USE,CLOSED,LOS ANGELES,6037,USA
554,40,COLONIAL DOWNS,10515 COLONIAL DOWNS PARKWAY,NEW KENT,VA,23124,SINGLE USE,CLOSED,NEW KENT,51127,USA
555,94,RENTSCHLER FIELD,615 SILVER LANE,HARTFORD,CT,6118,SINGLE USE,OPEN,HARTFORD,9003,USA
556,1279,THE DOME AT AMERICAêS CENTER,701 CONVENTION PLAZA,SAINT LOUIS,MO,63101,OTHER,OPEN,SAINT LOUIS,29510,USA
557,1280,BOK CENTER,200 SOUTH DENVER AVE,TULSA,OK,74103,OTHER,OPEN,TULSA,40143,USA
558,1281,NASSAU VETERANS MEMORIAL COLISEUM,1255 HEMPSTEAD TURNPIKE,UNIONDALE,NY,11553,OTHER,OPEN,NASSAU,12089,USA
560,1283,SLEEP TRAIN ARENA,1 SPORTS PARKWAY,SACRAMENTO,CA,95834,OTHER,OPEN,SACRAMENTO,6067,USA
561,1284,IUPUI GYMNASIUM,1000 WATERWAY BLVD,INDIANAPOLIS,IN,46202,OTHER,OPEN,MARION,41047,USA
562,1285,"C.M. ""TAD"" SMITH COLISEUM",SOUTH POOLE DRIVE AND CHAPEL LANE,OXFORD,MS,38677,OTHER,OPEN,LAFAYETTE,22055,USA
563,1286,RABOBANK ARENA,1001 TRUXTUN AVENUE,BAKERSFIELD,CA,93301,OTHER,OPEN,KERN,6029,USA
564,1287,RALSTON ARENA,72ND AND Q STREETS,OMAHA,NE,68127,OTHER,OPEN,DOUGLAS,31055,USA
565,1024,BERNARD G. JOHNSON COLISEUM,1964 BOBBY K MARKS DRIVE,HUNTSVILLE,TX,77340,SINGLE USE,OPEN,WALKER,48471,USA
566,1025,BURTON COLISEUM,7001 GULF HIGHWAY,LAKE CHARLES,LA,70607,SINGLE USE,OPEN,CALCASIEU,22019,USA
567,1026,FARRIS CENTER,BRUCE STREET AND WESTERN AVENUE,CONWAY,AR,72034,SINGLE USE,OPEN,FAULKNER,5045,USA
568,1027,E.A. DIDDLE ARENA,1526 AVENUE OF CHAMPIONS,BOWLING GREEN,KY,42107,SINGLE USE,OPEN,WARREN,28149,USA
569,1028,FANT-EWING COLISEUM,NORTHEAST DRIVE AND BON AIRE DRIVE,MONROE,LA,71203,SINGLE USE,OPEN,OUACHITA,5103,USA
570,1029,FAU ARENA,777 GLADES ROAD,BOCA RATON,FL,33431,SINGLE USE,OPEN,PALM BEACH,12099,USA
571,1030,JACK STEPHENS CENTER,2801 S. UNIVERSITY AVENUE,LITTLE ROCK,AR,72204,SINGLE USE,OPEN,PULASKI,5119,USA
572,1031,FELTON G. CLARK ACTIVITY CENTER,7722 SCENIC HWY BATON ROUGE,BATON ROUGE,LA,70813,SINGLE USE,OPEN,EAST BATON ROUGE,22033,USA
573,1032,HEALTH AND PHYSICAL EDUCATION ARENA,3105 ROSEWOOD ST,HOUSTON,TX,77004,SINGLE USE,OPEN,HARRIS,48201,USA
574,1033,LEE E. WILLIAMS ASSEMBLY CENTER,1400 LYNCH STREET,JACKSON,MS,39203,SINGLE USE,OPEN,HINDS,28049,USA
575,217,PROVIDENCE PARK,1844 SW MORRISON,PORTLAND,OR,97205,SINGLE USE,OPEN,MULTNOMAH,41051,USA
577,1034,DEE GLEN SMITH SPECTRUM,900 NORTH AND 800 EAST,LOGAN,UT,84321,SINGLE USE,OPEN,CACHE,49005,USA
578,219,ANGEL STADIUM OF ANAHEIM,2000 EAST GENE AUTRY WAY,ANAHEIM,CA,92806,SINGLE USE,OPEN,ORANGE,48361,USA
579,1035,EVENT CENTER,300 S. 7TH STREET,SAN JOSE,CA,95112,SINGLE USE,OPEN,SANTA CLARA,6085,USA
580,220,CHASE FIELD,401 EAST JEFFERSON STREET,PHOENIX,AZ,85004,SINGLE USE,OPEN,MARICOPA,4013,USA
581,1037,LAWLOR EVENTS CENTER,1664 NORTH VIRGINIA STREET,RENO,NV,89507,SINGLE USE,OPEN,WASHOE,32031,USA
582,1038,MUNICIPAL AUDITORIUM,301 WEST 13TH STREET,KANSAS CITY,MO,64105,SINGLE USE,OPEN,JACKSON,48239,USA
583,221,CITIZENS BANK PARK,1 CITIZENS BANK WAY,PHILADELPHIA,PA,19148,SINGLE USE,OPEN,PHILADELPHIA,42101,USA
584,222,COMERICA PARK,2100 WOODWARD AVENUE,DETROIT,MI,48201,SINGLE USE,OPEN,WAYNE,49055,USA
585,1039,YANITELLI CENTER,870 MONTGOMERY STREET,JERSEY CITY,NJ,7306,SINGLE USE,OPEN,HUDSON,34017,USA
586,223,COORS FIELD,2001 BLAKE STREET,DENVER,CO,80205,SINGLE USE,OPEN,DENVER,8031,USA
587,1040,MEMORIAL ATHLETIC AND CONVOCATION CENTER,1025 RISMAN DRIVE,KENT,OH,44243,SINGLE USE,OPEN,PORTAGE,55097,USA
588,224,DODGER STADIUM,1000 ELYSIAN PARK AVENUE,LOS ANGELES,CA,90090,SINGLE USE,OPEN,LOS ANGELES,6037,USA
589,1041,MILLETT HALL,500 EAST SYCAMORE STREET,OXFORD,OH,45056,SINGLE USE,OPEN,BUTLER,19023,USA
590,225,FENWAY PARK,4 YAWKEY WAY,BOSTON,MA,2215,SINGLE USE,OPEN,SUFFOLK,25025,USA
591,1042,NIU CONVOCATION CENTER,1525 WEST LINCOLN HIGHWAY,DEKALB,IL,60115,SINGLE USE,OPEN,DEKALB,29063,USA
592,226,GREAT AMERICAN BALL PARK,100 JOE NUXHALL WAY,CINCINNATI,OH,45202,SINGLE USE,OPEN,HAMILTON,20075,USA
593,1043,UNIVERSITY ARENA,WESTERN AVENUE AND OLIVER STREET,KALAMAZOO,MI,49008,SINGLE USE,OPEN,KALAMAZOO,26077,USA
594,227,PROGRESSIVE FIELD,2401 ONTARIO STREET,CLEVELAND,OH,44115,SINGLE USE,OPEN,CUYAHOGA,39035,USA
595,1044,MCGUIRK ARENA,360 WEST BROOMFIELD STREET,MOUNT PLEASANT,MI,48858,SINGLE USE,OPEN,ISABELLA,26073,USA
596,1045,MEMORIAL HALL GYMNASIUM,1200 NORTH DUPONT HIGHWAY,DOVER,DE,19901,SINGLE USE,OPEN,KENT,48263,USA
597,228,KAUFFMAN STADIUM,1 ROYAL WAY,KANSAS CITY,MO,64141,SINGLE USE,OPEN,JACKSON,48239,USA
598,1046,MOORE GYMNASIUM,623 DOCTOR MARY MCLEOD BETHUNE BOULEVARD,DAYTONA BEACH,FL,32114,SINGLE USE,OPEN,VOLUSIA,12127,USA
599,229,MILLER PARK,1 BREWERS WAY,MILWAUKEE,WI,53214,SINGLE USE,OPEN,MILWAUKEE,55079,USA
600,1047,SMITH-HAMMOND-MIDDLETON MEMORIAL CENTER,300 BUCKLEY STREET,ORANGEBURG,SC,29117,SINGLE USE,OPEN,ORANGEBURG,45075,USA
601,230,MINUTE MAID PARK,501 CRAWFORD STREET,HOUSTON,TX,77002,SINGLE USE,OPEN,HARRIS,48201,USA
602,231,BUSCH STADIUM,700 CLARK AVENUE,SAINT LOUIS,MO,63102,SINGLE USE,OPEN,SAINT LOUIS,29510,USA
603,1048,HYTCHE ATHLETIC CENTER,11868 ACADEMIC OVAL,PRINCESS ANNE,MD,21853,SINGLE USE,OPEN,SOMERSET,42111,USA
604,1049,MABEE CENTER,81ST STREET AND SOUTH LEWIS AVENUE,TULSA,OK,74136,SINGLE USE,OPEN,TULSA,40143,USA
605,232,ORIOLE PARK AT CAMDEN YARDS,333 WEST CAMDEN STREET,BALTIMORE,MD,21201,SINGLE USE,OPEN,BALTIMORE,24510,USA
606,233,AT&T PARK,24 WILLIE MAYS PLAZA,SAN FRANCISCO,CA,94107,SINGLE USE,OPEN,SAN FRANCISCO,6075,USA
607,1050,ATHLETICS CENTER O'RENA,PIONEER DRIVE,ROCHESTER,MI,48309,SINGLE USE,OPEN,OAKLAND,26125,USA
608,234,PETCO PARK,19 TONY GWYNN DRIVE,SAN DIEGO,CA,92101,SINGLE USE,OPEN,SAN DIEGO,6073,USA
609,1051,WESTERN HALL,NORTH WESTERN AVENUE AND WEST UNIVERSITY DRIVE,MACOMB,IL,61455,SINGLE USE,OPEN,MCDONOUGH,17109,USA
610,235,PNC PARK,115 FEDERAL STREET,PITTSBURGH,PA,15212,SINGLE USE,OPEN,ALLEGHENY,42003,USA
611,236,SAFECO FIELD,1250 1ST AVENUE SOUTH,SEATTLE,WA,98134,SINGLE USE,OPEN,KING,53033,USA
612,1052,MCLEOD CENTER,HUDSON ROAD AND WEST 27TH STREET,CEDAR FALLS,IA,50631,SINGLE USE,OPEN,BLACK HAWK,19013,USA
613,237,CITI FIELD,123-01 ROOSEVELT AVENUE,FLUSHING,NY,11368,SINGLE USE,OPEN,QUEENS,36081,USA
614,1053,CENTURYLINK CENTER,455 NORTH 10TH STREET,OMAHA,NE,68102,SINGLE USE,OPEN,DOUGLAS,32005,USA
615,238,GLOBE LIFE PARK IN ARLINGTON,1000 BALLPARK WAY,ARLINGTON,TX,76011,SINGLE USE,OPEN,TARRANT,48439,USA
616,1054,REDBIRD ARENA,COLLEGE AVENUE AND NORTH MAIN STREET,NORMAL,IL,61761,SINGLE USE,OPEN,MCLEAN,38055,USA
617,239,TROPICANA FIELD,1 TROPICANA DRIVE,SAINT PETERSBURG,FL,33705,SINGLE USE,OPEN,PINELLAS,12103,USA
618,1055,SIU ARENA,SALUKI BOULEVARD AND ARENA DRIVE,CARBONDALE,IL,62901,SINGLE USE,OPEN,JACKSON,48239,USA
619,240,TURNER FIELD,755 HANK AARON DRIVE,ATLANTA,GA,30315,SINGLE USE,OPEN,FULTON,17057,USA
620,1056,MOBY ARENA,SOUTH SHIELD STREET AND NORTH DRIVE,FORT COLLINS,CO,80521,SINGLE USE,OPEN,LARIMER,8069,USA
621,1057,THOMAS AND MACK CENTER,THOMAS AND MACKIE DRIVE AND SWENSON STREET,LAS VEGAS,NV,89119,SINGLE USE,OPEN,CLARK,32003,USA
622,241,U.S. CELLULAR FIELD,333 WEST 35TH STREET,CHICAGO,IL,60616,SINGLE USE,OPEN,COOK,27031,USA
623,1058,WISEPIES ARENA,UNIVERSITY BOULEVARD SE AND AVENIDA DE CESAR CHAVEZ,ALBUQUERQUE,NM,87106,SINGLE USE,OPEN,BERNALILLO,35001,USA
624,242,WRIGLEY FIELD,1060 WEST ADDISON STREET,CHICAGO,IL,60613,SINGLE USE,OPEN,COOK,27031,USA
625,1059,POPE PHYSICAL EDUCATION CENTER,CLINTON STREET AND JORALEMON STREET,BROOKLYN HEIGHTS,NY,11201,SINGLE USE,OPEN,KINGS,6031,USA
626,243,YANKEE STADIUM,EAST 161ST & RIVER AVENUE,BRONX,NY,10451,MULTIUSE,OPEN,BRONX,36005,USA
627,1060,SPIRO SPORTS CENTER,CAMPUS ROAD AND HOWARD AVENUE,STATEN ISLAND,NY,10301,SINGLE USE,OPEN,RICHMOND,13245,USA
628,244,NATIONALS PARK,1500 SOUTH CAPITOL ST SE,WASHINGTON,DC,20003,SINGLE USE,OPEN,DISTRICT OF COLUMBIA,11001,USA
629,1061,T.D. BANK SPORTS CENTER,KIMBERLY AVENUE,HAMDEN,CT,6518,SINGLE USE,OPEN,NEW HAVEN,9009,USA
630,245,TARGET FIELD,1 TWINS WAY,MINNEAPOLIS,MN,55415,SINGLE USE,OPEN,HENNEPIN,27053,USA
631,1062,GEORGE AND PHYLLIS ROTHMAN CENTER,UNIVERSITY PLAZA DRIVE AND TEMPLE AVENUE,TEANECK,NJ,7666,SINGLE USE,OPEN,BERGEN,34003,USA
632,1063,WILLIAM H. PITT HEALTH AND RECREATION CENTER,PARK AVENUE AND JEFFERSON STREET,FAIRFIELD,CT,6825,SINGLE USE,OPEN,FAIRFIELD,45039,USA
634,1064,MCCARTHEY ATHLETIC CENTER,801 NORTH CINCINNATI STREET,SPOKANE,WA,99202,SINGLE USE,OPEN,SPOKANE,53063,USA
635,248,MARLINS PARK,501 MARLINS WAY,MIAMI,FL,33125,SINGLE USE,OPEN,MIAMI-DADE,12086,USA
636,1065,MCKEON PAVILION,DE LA SALLE DRIVE AND GAEL WAY,MORAGA,CA,94556,SINGLE USE,OPEN,CONTRA COSTA,6013,USA
637,249,WAIALAE COUNTRY CLUB,4997 KAHALA AVENUE,HONOLULU,HI,96816,SINGLE USE,OPEN,HONOLULU,15003,USA
638,1066,WAR MEMORIAL GYMNASIUM,2335 GOLDEN GATE AVENUE,SAN FRANCISCO,CA,94117,SINGLE USE,OPEN,SAN FRANCISCO,6075,USA
639,250,KAPALUA PLANTATION GOLF CLUB,2000 PLANTATION CLUB DRIVE,LAHAINA,HI,96761,SINGLE USE,OPEN,MAUI,15009,USA
640,251,PEBBLE BEACH GOLF LINKS,17-MILE DRIVE,PEBBLE BEACH,CA,93953,SINGLE USE,OPEN,MONTEREY,6053,USA
641,1067,UNITED SUPERMARKETS ARENA,INDIANA AVENUE AND 18TH STREET,LUBBOCK,TX,79409,SINGLE USE,OPEN,LUBBOCK,48303,USA
642,252,CORDEVALLE GOLF CLUB,1 CORDEVALLE CLUB DR.,SAN MARTIN,CA,95046,SINGLE USE,OPEN,SANTA CLARA,6085,USA
643,1068,LOUIS BROWN ATHLETIC CENTER,83 ROCKEFELLER ROAD,PISCATAWAY,NJ,8854,SINGLE USE,OPEN,MIDDLESEX,25017,USA
644,253,RIVIERA COUNTRY CLUB,1250 CAPRI DRIVE,PACIFIC PALISADES,CA,90272,SINGLE USE,OPEN,LOS ANGELES,6037,USA
645,254,TORREY PINES GOLF COURSE,11480 TORREY PINES PARK ROAD,SAN DIEGO,CA,92037,SINGLE USE,OPEN,SAN DIEGO,6073,USA
646,255,PALMER PRIVATE COURSE-PGA WEST,55-955 PGA BOULEVARD,LA QUINTA,CA,92253,SINGLE USE,OPEN,RIVERSIDE,6065,USA
647,256,MONTREUX GOLF CLUB,18077 BORDEAUX DRIVE,RENO,NV,89511,SINGLE USE,OPEN,WASHOE,32031,USA
648,257,TOURNAMENT PLAYERS CLUB-SUMMERLIN,1700 VILLAGE CENTER CIRCLE,LAS VEGAS,NV,89134,SINGLE USE,OPEN,CLARK,32003,USA
649,258,RITZ CARLTON GOLF CLUB-DOVE MT,6501 WEST BOULDER BRIDGE PASS,MARANA,AZ,85658,SINGLE USE,OPEN,PIMA,4019,USA
650,259,TOURNAMENT PLAYERS CLUB STADIUM COURSE,17020 NORTH HAYDEN ROAD,SCOTTSDALE,AZ,85255,SINGLE USE,OPEN,MARICOPA,4013,USA
651,260,TRUMP INTERNATIONAL GOLF CLUB,100 CLUBHOUSE DRIVE,RIO GRANDE,PR,745,SINGLE USE,OPEN,RO GRANDE,72119,PRI
652,261,TOURNAMENT PLAYERS CLUB OF SAN ANTONIO,23808 RESORT PARKWAY,SAN ANTONIO,TX,78259,SINGLE USE,OPEN,BEXAR,48029,USA
653,911,BENDER ARENA,4400 NEBRASKA AVENUE NW,WASHINGTON,DC,20016,SINGLE USE,OPEN,DISTRICT OF COLUMBIA,11001,USA
654,912,CHRISTL ARENA,700 MILLS ROAD,WEST POINT,NY,10996,SINGLE USE,OPEN,ORANGE,48361,USA
655,913,BUD WALTON ARENA,1207 LEROY POND DRIVE,FAYETTEVILLE,AR,73701,SINGLE USE,OPEN,WASHINGTON,48477,USA
656,914,ALUMNI GYM,WEST HAGGARD AVENUE AND NORTH WILLIAMSON AVENUE,ELON,NC,27244,SINGLE USE,OPEN,ALAMANCE,37001,USA
657,915,HOLMES CENTER,111 RIVERS STREET,BOONE,NC,28608,SINGLE USE,OPEN,WATAUGA,37189,USA
658,916,AMERICAN BANK CENTER,1901 SHORELINE BOULEVARD,CORPUS CHRISTI,TX,78401,SINGLE USE,OPEN,NUECES,48355,USA
659,917,CONVOCATION CENTER (ARKANSAS),217 OLYMPIA DRIVE,JONESBORO,AR,72401,SINGLE USE,OPEN,CRAIGHEAD,5031,USA
660,918,DAVEY WHITNEY COMPLEX,1000 ASU DRIVE,ALCORN,MS,39096,SINGLE USE,OPEN,CLAIBORNE,28021,USA
661,919,DUNN-OLIVER ACADOME,SOUTH UNIVERSITY DRIVE AND ROBERT C. HATCH DRIVE,MONTGOMERY,AL,36106,SINGLE USE,OPEN,MONTGOMERY,20125,USA
662,920,KENNETH L. JOHNSON COMPLEX,1542 L. A. PREXY DAVIS DRIVE,PINE BLUFF,AR,71601,SINGLE USE,OPEN,JEFFERSON,22051,USA
663,921,T.M. ELMORE GYMNASIUM,DAVIS ROAD NORTHEAST,NORMAL,AL,35811,SINGLE USE,OPEN,MADISON,30057,USA
664,922,TACO BELL ARENA,1910 UNIVERSITY DRIVE,BOISE,ID,83725,SINGLE USE,OPEN,ADA,16001,USA
665,1138,CONVOCATION CENTER (TEXAS),6900 NORTH LOOP 1640 WEST,SAN ANTONIO,TX,78249,SINGLE USE,OPEN,BEXAR,48029,USA
666,923,GERSTEN PAVILION,1 LMU DRIVE,LOS ANGELES,CA,90045,SINGLE USE,OPEN,LOS ANGELES,6037,USA
667,1139,WILLIAM R. JOHNSON COLISEUM,EAST COLLEGE STREET AND NORTH UNIVERSITY DRIVE,NACOGDOCHES,TX,75961,SINGLE USE,OPEN,NACOGDOCHES,48347,USA
668,924,AGGANIS ARENA,HARRY AGGANIS WAY,BOSTON,MA,2215,SINGLE USE,OPEN,SUFFOLK,25025,USA
669,1140,MAGNESS ARENA,2201 EAST ASBURY AVENUE,DENVER,CO,80210,SINGLE USE,OPEN,DENVER,8031,USA
670,380,CONSOL ENERGY CENTER,1001 FIFTH AVENUE,PITTSBURGH,PA,15219,MULTIUSE,OPEN,ALLEGHENY,42003,USA
671,1141,MITCHELL CENTER,2195 MITCHELL CENTER DRIVE,MOBILE,AL,36608,SINGLE USE,OPEN,MOBILE,1097,USA
672,1142,MURPHY CENTER,MIDDLE TENNESSEE BOULEVARD AND DIVISION STREET,MURFREESBORO,TN,37132,SINGLE USE,OPEN,RUTHERFORD,37161,USA
673,926,MCCANN FIELD HOUSE,3399 N RD,POUGHKEEPSIE,NY,12601,SINGLE USE,OPEN,DUTCHESS,36027,USA
674,927,GALLAGHER CENTER,2009 NIAGARA UNIVERSITY,NIAGARA FALLS,NY,14109,SINGLE USE,OPEN,NIAGARA,36063,USA
675,1143,FIU ARENA,11200 SW 8TH STREET,MIAMI,FL,33174,SINGLE USE,OPEN,MIAMI-DADE,12086,USA
676,95,BOBBY BOWDEN FIELD AT DOAK CAMPBELL STADIUM,CHAMPIONS WAY,TALLAHASSEE,FL,32304,SINGLE USE,OPEN,LEON,48289,USA
677,928,KOESSLER ATHLETIC CENTER,MAIN STREET (NY-5),BUFFALO,NY,14208,SINGLE USE,OPEN,ERIE,39043,USA
678,1144,CAJUNDOME,CAJUNDOME BOULEVARD AND WEST CONGRESS STREET,LAFAYETTE,LA,70506,SINGLE USE,OPEN,LAFAYETTE,22055,USA
679,97,BEN HILL GRIFFIN STADIUM,157 GALE LEMERAND DRIVE,GAINESVILLE,FL,32611,SINGLE USE,OPEN,ALACHUA,12001,USA
680,929,CONVOCATION CENTER (MICHIGAN),799 NORTH HEWITT ROAD,YPSILANTI,MI,48197,SINGLE USE,OPEN,WASHTENAW,26161,USA
681,1145,UNT COLISEUM,600 AVENUE D,DENTON,TX,76201,SINGLE USE,OPEN,DENTON,48121,USA
682,98,OCEAN BANK FIELD AT FIU STADIUM,SW 17TH STREET AND SW 112TH AVENUE,MIAMI,FL,33165,SINGLE USE,OPEN,MIAMI-DADE,12086,USA
683,930,CONVOCATION CENTER (OHIO),95 RICHLAND AVENUE,ATHENS,OH,45701,SINGLE USE,OPEN,ATHENS,39009,USA
684,1146,TROJAN ARENA,5000 VETERANS STADIUM DRIVE,TROY,AL,36082,SINGLE USE,OPEN,PIKE,28113,USA
685,99,BOBBY DODD STADIUM,155 NORTH AVENUE NW,ATLANTA,GA,30332,SINGLE USE,OPEN,FULTON,17057,USA
686,1147,MEMORIAL GYMNASIUM (LOUISIANA),REED STREET AND SANDLE STREET,GRAMBLING,LA,71245,SINGLE USE,OPEN,LINCOLN,32017,USA
687,100,SANFORD STADIUM,SANFORD DRIVE AND FIELD STREET,ATHENS,GA,30605,SINGLE USE,OPEN,CLARKE,19039,USA
688,931,SAVAGE  ARENA,2801 W BANCROFT ST,TOLEDO,OH,43606,SINGLE USE,OPEN,LUCAS,19117,USA
689,101,ALOHA STADIUM,99-500 SALT LAKE BOULEVARD,HONOLULU,HI,96818,SINGLE USE,OPEN,HONOLULU,15003,USA
690,932,BURR GYMNASIUM,2400 6TH ST NW,WASHINGTON,DC,20001,SINGLE USE,OPEN,DISTRICT OF COLUMBIA,11001,USA
691,1148,HARRISON HPER COMPLEX,SUNFLOWER LANE AND LEFLORE AVENUE,ITTA BENA,MS,38941,SINGLE USE,OPEN,LEFLORE,28083,USA
692,102,KINNICK STADIUM,STADIUM DRIVE AND HAWKINS DRIVE,IOWA CITY,IA,52242,SINGLE USE,OPEN,JOHNSON,56019,USA
693,933,HAMPTON CONVOCATION CENTER,100 E QUEEN ST,HAMPTON,VA,23668,SINGLE USE,OPEN,HAMPTON,51650,USA
694,1149,WILLIIAM NICKS BUILDING,L. W. MINOR STREET,PRAIRIE VIEW,TX,77445,SINGLE USE,OPEN,WALLER,48473,USA
695,934,CORBETT SPORTS CENTER,1601 EAST MARKET STREET,GREENSBORO,NC,27401,SINGLE USE,OPEN,GUILFORD,37081,USA
696,103,JACK TRICE STADIUM,1798 SOUTH FOURTH STREET,AMES,IA,50010,SINGLE USE,OPEN,STORY,19169,USA
697,1150,PAN AMERICAN CENTER,INTERNATIONAL MALL AND PAYNE STREET,LAS CRUCES,NM,88003,SINGLE USE,OPEN,DONA ANA,35013,USA
698,935,ALFRED LAWSON CENTER,1800 WAHNISH WAY,TALLAHASSEE,FL,32301,SINGLE USE,OPEN,LEON,48289,USA
699,104,ALBERTSONS STADIUM,WEST BRONCO CIRCLE,BOISE,ID,83725,SINGLE USE,OPEN,ADA,16001,USA
700,1151,THOMAS ASSEMBLY CENTER,WEST ALABAMA AVENUE AND PENNY LANE,RUSTON,LA,71270,SINGLE USE,OPEN,LINCOLN,32017,USA
701,936,TALMADGE L. HILL FIELD HOUSE,ARGONNE DRIVE AND HILLEN ROAD,BALTIMORE,MD,21239,SINGLE USE,OPEN,BALTIMORE,24005,USA
702,105,KIBBIE-ASUI ACTIVITY CENTER,1000 STADIUM DRIVE,MOSCOW,ID,83844,MULTIUSE,OPEN,LATAH,16057,USA
703,1152,SAVE MART CENTER,EAST SHAW AVENUE AND NORTH CHESTNUT AVENUE,FRESNO,CA,93710,SINGLE USE,OPEN,FRESNO,6019,USA
704,937,JOSEPH ECHOLS MEMORIAL HALL,700 PARK AVE,NORFOLK,VA,23504,SINGLE USE,OPEN,NORFOLK,25021,USA
705,106,MEMORIAL STADIUM (ILLINOIS),SOUTH 1ST STREET AND WEST KIRBY AVENUE,CHAMPAIGN,IL,61820,SINGLE USE,OPEN,CHAMPAIGN,17019,USA
706,1153,STAN SHERIFF CENTER,LOWER CAMPUS ROAD,HONOLULU,HI,96822,SINGLE USE,OPEN,HONOLULU,15003,USA
707,938,CENTRUM ARENA,351 WEST CENTER STREET,CEDAR CITY,UT,84720,SINGLE USE,OPEN,IRON,49021,USA
708,107,RYAN FIELD,1501 CENTRAL STREET,EVANSTON,IL,60208,SINGLE USE,OPEN,COOK,27031,USA
709,1154,FORD CENTER,SOUTHEAST MARTIN LUTHER KING JR BOULEVARD,EVANSVILLE,IN,47708,SINGLE USE,OPEN,VANDERBURGH,18163,USA
710,939,INDIANA FARMERS COLISEUM,1202 E 38TH ST,INDIANAPOLIS,IN,46205,SINGLE USE,OPEN,MARION,41047,USA
711,108,LEGION FIELD,GRAYMOUNT AVENUE W AND JASPER ROAD W,BIRMINGHAM,AL,35204,SINGLE USE,OPEN,JEFFERSON,22051,USA
712,1155,MULTIPURPOSE ACTIVITY CENTER,400 CEDAR AVENUE,WEST LONG BRANCH,NJ,7764,SINGLE USE,OPEN,MONMOUTH,34025,USA
713,940,CHARLES KOCH ARENA,EAST 21ST STREET AND NORTH HILLSIDE AVENUE,WICHITA,KS,67260,SINGLE USE,OPEN,SEDGWICK,8115,USA
714,109,BRYANT-DENNY STADIUM,950 PAUL W. BRYANT DRIVE,TUSCALOOSA,AL,35401,SINGLE USE,OPEN,TUSCALOOSA,1125,USA
715,1156,MATTHEW KNIGHT ARENA,1776 EAST 13TH STREET,EUGENE,OR,97401,SINGLE USE,OPEN,LANE,41039,USA
716,941,HULMAN ARENA,200 NORTH 8TH STREET,TERRE HAUTE,IN,47807,SINGLE USE,OPEN,VIGO,18167,USA
717,110,JORDAN-HARE STADIUM,251 SOUTH DONAHUE DRIVE,AUBURN,AL,36849,SINGLE USE,OPEN,LEE,48287,USA
718,1157,COLLEGE PARK CENTER,601 SOUTH PECAN STREET,ARLINGTON,TX,76010,MULTIUSE,OPEN,TARRANT,48439,USA
719,942,JQH ARENA,685 SOUTH JOHN Q. HAMMONS PARKWAY,SPRINGFIELD,MO,65807,SINGLE USE,OPEN,GREENE,19073,USA
720,111,VETERANS MEMORIAL STADIUM,SOUTH GEORGE WALLACE DR AND MELTON CARTER DR,TROY,AL,36081,SINGLE USE,OPEN,PIKE,28113,USA
721,1158,ALICO ARENA,10501 FGCU BOULEVARD,FORT MEYERS,FL,33965,SINGLE USE,OPEN,LEE,48287,USA
722,943,KNAPP ARENA,2601 FOREST AVENUE,DES MOINES,IA,50311,SINGLE USE,OPEN,POLK,41053,USA
723,112,DONALD W. REYNOLDS RAZORBACK STADIUM,WEST MAPLE STREET AND NORTH STADIUM DRIVE,FAYETTEVILLE,AR,72701,SINGLE USE,OPEN,WASHINGTON,48477,USA
724,1159,G.B. HODGE CENTER,HODGE DRIVE,SPARTANBURG,SC,29303,SINGLE USE,OPEN,SPARTANBURG,45083,USA
725,944,VIEJAS ARENA,5500 CANYON CREST DRIVE,SAN DIEGO,CA,92115,SINGLE USE,OPEN,SAN DIEGO,6073,USA
726,113,WAR MEMORIAL STADIUM (ARKASAS),FAIR PARK BOULEVARD AND WEST MARKHAM STREET,LITTLE ROCK,AR,72205,SINGLE USE,OPEN,PULASKI,5119,USA
727,372,WELLS FARGO CENTER,3601 SOUTH BROAD STREET,PHILADELPHIA,PA,19148,MULTIUSE,OPEN,PHILADELPHIA,42101,USA
728,945,DANIEL-MEYER COLISEUM,2900 STADIUM DRIVE,FORT WORTH,TX,76109,SINGLE USE,OPEN,TARRANT,48439,USA
729,114,HUSKIE STADIUM,1245 STADIUM DRIVE SOUTH,DEKALB,IL,60115,SINGLE USE,OPEN,DEKALB,29063,USA
730,1162,HOLT ARENA,550 MEMORIAL DRIVE,POCATELLO,ID,83201,SINGLE USE,OPEN,BANNOCK,16005,USA
731,946,HUNTSMAN CENTER,1825 EAST SOUTH CAMPUS ROAD,SALT LAKE CITY,UT,84112,SINGLE USE,OPEN,SALT LAKE,49035,USA
732,115,MEMORIAL STADIUM (INDIANA),701 EAST 17TH STREET,BLOOMINGTON,IN,47408,SINGLE USE,OPEN,MONROE,55081,USA
733,1163,TEMPLETON PHYSICAL EDUCATION CENTER,ASHLAND STREET,CLINTON,SC,29325,SINGLE USE,OPEN,LAURENS,45059,USA
734,947,SEWALL CENTER,6001 UNIVERSITY BLVD,MOON TOWNSHIP,PA,15108,SINGLE USE,OPEN,ALLEGHENY,42003,USA
735,116,ROSS-ADE STADIUM,STEVEN BEERING DRIVE AND VICTORY DRIVE,WEST LAFAYETTE,IN,47907,SINGLE USE,OPEN,TIPPECANOE,18157,USA
736,1164,KIMMEL ARENA,227 CAMPUS DRIVE,ASHEVILLE,NC,28804,SINGLE USE,OPEN,BUNCOMBE,37021,USA
737,948,DEGOL ARENA,140 LAKEVIEW DRIVE,LORETTO,PA,15940,SINGLE USE,OPEN,CAMBRIA,42021,USA
738,117,NOTRE DAME STADIUM,MOOSE KRAUSE CIRCLE AND DORR ROAD,NOTRE DAME,IN,46637,SINGLE USE,OPEN,SAINT JOSEPH,18141,USA
739,1165,SHARP GYMNASIUM,HINTON DRIVE,HOUSTON,TX,77074,SINGLE USE,OPEN,HARRIS,48201,USA
740,949,DETRICK GYMNASIUM,1615 STANLEY ST,NEW BRITAIN,CT,6053,SINGLE USE,OPEN,HARTFORD,9003,USA
741,118,SCHEUMANN STADIUM,BETHEL AVENUE AND TILLOTSON AVENUE,MUNCIE,IN,47034,SINGLE USE,OPEN,DELAWARE,19055,USA
742,1166,BETTY ENGELSTAD SIOUX CENTER,1 RALPH ENGELSTAD DRIVE,GRANK FORKS,ND,58203,SINGLE USE,OPEN,GRAND FORKS,38035,USA
743,950,KNOTT ARENA,16300 OLD EMMITSBURG ROAD,EMMITSBURG,MD,21727,SINGLE USE,OPEN,FREDERICK,51069,USA
744,119,MEMORIAL STADIUM (KANSAS),1017 WEST 11TH STREET,LAWRENCE,KS,66044,SINGLE USE,OPEN,DOUGLAS,32005,USA
745,389,KEYARENA,305 HARRISON STREET,SEATTLE,WA,98109,MULTIUSE,OPEN,KING,53033,USA
746,951,CHILES CENTER,5000 N WILLAMETTE BLVD,PORTLAND,OR,97203,SINGLE USE,OPEN,MULTNOMAH,41051,USA
747,120,BILL SYNDER FAMILY FOOTBALL STADIUM,1800 COLLEGE AVENUE,MANHATTAN,KS,66502,SINGLE USE,OPEN,RILEY,20161,USA
748,1168,ICARDO CENTER,ROADRUNNER DRIVE,BAKERSFIELD,CA,93301,SINGLE USE,OPEN,KERN,6029,USA
749,952,FIRESTONE FIELDHOUSE,24225 PACIFIC COAST HWY,MALIBU,CA,90263,SINGLE USE,OPEN,LOS ANGELES,6037,USA
750,121,PAPA JOHN'S CARDINAL STADIUM,2800 SOUTH FLOYD STREET,LOUISVILLE,KY,40209,SINGLE USE,OPEN,JEFFERSON,22051,USA
751,1169,STROH CENTER,1535 WOOSTER STREET,BOWLING GREEN,OH,43042,SINGLE USE,OPEN,WOOD,55141,USA
752,953,JENNY CRAIG PAVILION,5998 ALCALA PARK WAY,SAN DIEGO,CA,92110,SINGLE USE,OPEN,SAN DIEGO,6073,USA
753,122,COMMONWEALTH STADIUM,UK COLLEGE WAY AND SPORTS CENTER DRIVE,LEXINGTON,KY,40506,SINGLE USE,OPEN,FAYETTE,48149,USA
754,1170,MCDOUGALD-MCLENDON GYMNASIUM,1801 FAYETTEVILLE STREET,DURHAM,NC,27707,SINGLE USE,OPEN,DURHAM,37063,USA
755,954,LEAVEY CENTER,500 EL CAMINO REAL,SANTA CLARA,CA,95053,SINGLE USE,OPEN,SANTA CLARA,6085,USA
756,124,TIGER STADIUM,WEST STADIUM ROAD,BATON ROUGE,LA,70802,SINGLE USE,OPEN,EAST BATON ROUGE,22033,USA
757,1171,PHYSICAL EDUCATION COMPLEX,2523 GWYNNS FALLS PARKWAY,BALTIMORE,MD,21212,SINGLE USE,OPEN,BALTIMORE,24510,USA
758,1172,CHACE ATHLETIC CENTER,1150 DOUGLAS PIKE,SMITHFIELD,RI,2917,SINGLE USE,OPEN,PROVIDENCE,44007,USA
759,125,CAJUN FIELD,201 REINHARDT DRIVE,LAFAYETTE,LA,70506,SINGLE USE,OPEN,LAFAYETTE,22055,USA
760,1173,VADALABENE CENTER,NORTH CIRCLE DRIVE AND NORTHWEST ROAD,EDWARDSVILLE,IL,62026,SINGLE USE,OPEN,MADISON,30057,USA
761,1174,AUBURN ARENA,HEISMAN DRIVE AND CONNECTOR,AUBURN,AL,36849,SINGLE USE,OPEN,LEE,48287,USA
762,126,MALONE STADIUM,WARHAWK WAY AND NORTHEAST DRIVE,MONROE,LA,71203,SINGLE USE,OPEN,OUACHITA,5103,USA
763,1175,TD ARENA,MEETING STREET AND BURNS LANE,CHARLESTON,SC,29401,SINGLE USE,OPEN,CHARLESTON,45019,USA
764,127,JOE AILLET STADIUM,STADIUM BOULEVARD,RUSTON,LA,71272,SINGLE USE,OPEN,LINCOLN,32017,USA
765,1176,DAKOTADOME,TAYLOR STREET,VERMILLION,SD,57069,SINGLE USE,OPEN,CLAY,19041,USA
766,128,ALUMNI STADIUM,CAMPANELLA WAY,CHESTNUT HILL,MA,2467,SINGLE USE,OPEN,SUFFOLK,25025,USA
767,1177,FREDRICK C. HOBDY ASSEMBLY CENTER,1234 GRAMBLING ROAD,GRAMBLING,LA,71245,SINGLE USE,OPEN,LINCOLN,32017,USA
768,129,BYRD STADIUM,STADIUM DRIVE AND VALLEY DRIVE,COLLEGE PARK,MD,20742,SINGLE USE,OPEN,PRINCE GEORGE'S,24033,USA
769,1178,LADD-PEEBLES STADIUM,1621 VIRGINIA STREET,MOBILE,AL,36604,SINGLE USE,OPEN,MOBILE,1097,USA
770,130,NAVY-MARINE CORPS MEMORIAL STADIUM,304 FARRAGUT ROAD,ANNAPOLIS,MD,21401,SINGLE USE,OPEN,ANNE ARUNDEL,24003,USA
771,1179,WARREN MCGUIRK ALUMNI STADIUM,300 STADIUM DRIVE,HADLEY,MA,1003,SINGLE USE,OPEN,HAMPSHIRE,25015,USA
772,131,MICHIGAN STADIUM,1201 SOUTH MAIN STREET,ANN ARBOR,MI,48104,SINGLE USE,OPEN,WASHTENAW,26161,USA
773,1180,JIM WACKER FIELD AT BOBCAT STADIUM,1100 AQUARENA SPRINGS DRIVE,SAN MARCOS,TX,78666,SINGLE USE,OPEN,HAYS,65600,USA
774,132,SPARTAN STADIUM (MICHIGAN),STADIUM ROAD AND RED CEDAR ROAD,EAST LANSING,MI,48824,SINGLE USE,OPEN,INGHAM,26065,USA
775,1181,ALAMODOME,100 MONTANA STREET,SAN ANTONIO,TX,78203,SINGLE USE,OPEN,BEXAR,48029,USA
776,133,KELLY/SHORTS STADIUM,WEST CAMPUS DRIVE AND UNIVERSITY PARK DRIVE,MOUNT PLEASANT,MI,48858,SINGLE USE,OPEN,ISABELLA,26073,USA
777,1182,KIDD BREWER STADIUM,270 STADIUM DRIVE,BOONE,NC,28607,SINGLE USE,OPEN,WATAUGA,37189,USA
778,134,RYNEARSON STADIUM,184 WESTVIEW STREET,YPSILANTI,MI,48197,SINGLE USE,OPEN,WASHTENAW,26161,USA
779,135,WALDO STADIUM,PRESS LANE,KALAMAZOO,MI,49008,SINGLE USE,OPEN,KALAMAZOO,26077,USA
780,136,FAUROT FIELD AT MEMORIAL STADIUM,STADIUM BOULEVARD AND MICK DEAVER MEMORIAL D,COLUMBIA,MO,65201,SINGLE USE,OPEN,BOONE,31011,USA
781,137,M.M. ROBERTS STADIUM,118 COLLEGE DRIVE,HATTIESBURG,MS,39406,SINGLE USE,OPEN,FORREST,28035,USA
782,138,DAVIS WADE STADIUM,BARR ROAD AND MOORE ROAD,STARKVILLE,MS,39759,SINGLE USE,OPEN,OKTIBBEHA,28105,USA
783,139,VAUGHT-HEMINGWAY STADIUM,FRATERNITY ROW AND HILL DRIVE,OXFORD,MS,38677,SINGLE USE,OPEN,LAFAYETTE,22055,USA
784,140,CARTER-FINLEY STADIUM,4600 TRINITY ROAD,RALEIGH,NC,27607,SINGLE USE,OPEN,WAKE,37183,USA